# Host: 192.168.253.3  (Version: 5.6.15)
# Date: 2014-07-22 10:45:26
# Generator: MySQL-Front 5.3  (Build 3.22)

/*!40101 SET NAMES utf8 */;

DROP DATABASE IF EXISTS `fruit`;
CREATE DATABASE `fruit` /*!40100 DEFAULT CHARACTER SET utf8 */;
USE `fruit`;

#
# Source for table "admins_user"
#

DROP TABLE IF EXISTS `admins_user`;
CREATE TABLE `admins_user` (
  `id` int(11) NOT NULL AUTO_INCREMENT COMMENT '主键',
  `name` varchar(16) NOT NULL COMMENT '用户名',
  `password` varchar(64) NOT NULL COMMENT '密码',
  `allow_access` smallint(1) NOT NULL COMMENT '允许访问',
  `created` int(11) NOT NULL COMMENT '创建时间',
  `login_count` smallint(6) NOT NULL DEFAULT '0' COMMENT '登录次数',
  `login_lasted_date` int(11) NOT NULL COMMENT '最后登录时间',
  `login_lasted_address` char(16) NOT NULL COMMENT '最后登录地址',
  `description` varchar(32) NOT NULL DEFAULT '' COMMENT '说明',
  PRIMARY KEY (`id`)
) ENGINE=InnoDB AUTO_INCREMENT=5 DEFAULT CHARSET=utf8;

#
# Data for table "admins_user"
#

INSERT INTO `admins_user` VALUES (1,'admin','admin',1,1401783938,18,1405146878,'127.0.0.1','administrators');

#
# Source for table "goods_category"
#

DROP TABLE IF EXISTS `goods_category`;
CREATE TABLE `goods_category` (
  `id` int(11) NOT NULL AUTO_INCREMENT COMMENT '主键',
  `name` varchar(32) NOT NULL COMMENT '分类名称',
  `pinyin` varchar(32) NOT NULL COMMENT '拼音码',
  `description` varchar(256) NOT NULL DEFAULT '说明',
  PRIMARY KEY (`id`)
) ENGINE=InnoDB AUTO_INCREMENT=4 DEFAULT CHARSET=utf8;

#
# Data for table "goods_category"
#

INSERT INTO `goods_category` VALUES (1,'日常水果','common-fruits','日常水果是指平时经常都能够见到的水果。'),(3,'热带水果','Tropical-fruit','生长在热带的水果信息。');

#
# Source for table "goods"
#

DROP TABLE IF EXISTS `goods`;
CREATE TABLE `goods` (
  `id` int(11) NOT NULL AUTO_INCREMENT COMMENT '主键',
  `name` varchar(32) NOT NULL COMMENT '商品名称',
  `thumb` varchar(64) NOT NULL DEFAULT '' COMMENT '缩略图',
  `offer` tinyint(1) NOT NULL DEFAULT '0' COMMENT '推荐',
  `home` tinyint(1) NOT NULL DEFAULT '0' COMMENT '首页',
  `sale` tinyint(1) NOT NULL DEFAULT '1' COMMENT '上架',
  `price` decimal(8,2) NOT NULL COMMENT '单价',
  `unit` varchar(8) NOT NULL COMMENT '单位',
  `created` int(11) NOT NULL COMMENT '上架时间',
  `modified` int(11) NOT NULL COMMENT '最后更新时间',
  `description` varchar(256) NOT NULL DEFAULT '' COMMENT '说明',
  `category` int(11) NOT NULL COMMENT '分类',
  PRIMARY KEY (`id`),
  KEY `category` (`category`),
  CONSTRAINT `goods_ibfk_1` FOREIGN KEY (`category`) REFERENCES `goods_category` (`id`)
) ENGINE=InnoDB AUTO_INCREMENT=26 DEFAULT CHARSET=utf8;

#
# Data for table "goods"
#

INSERT INTO `goods` VALUES (9,'红富士苹果','/uploads/goods/1402294134685-7536.jpg',0,0,0,20.00,'千克',1402294134,1402306994,'富士苹果的特点是体积很大，遍体通红，形状很圆，平均大小如棒球一般。果实的重量中，有9－11%是单糖，而且其果肉紧密，比其他很多苹果变种都要甜美和清脆，因此受到全世界消费者的广泛喜爱。',1),(10,'青苹果','/uploads/goods/1402306823723-1950.jpg',1,0,0,18.00,'千克',1402306823,1402473705,'青苹果就是颜色是青的苹果，青的果酸含量高，有利于美容，苹果都一样，不管是红的青的黄的都是一样的，它的颜色不同是因为它们的品种不同，不同的品种有不同的口味和特点。',1),(11,'梨','/uploads/goods/1402307699456-3680.jpg',0,0,1,14.00,'千克',1402307699,1402307734,'梨含有大量蛋白质、脂肪、钙、磷、铁和葡萄糖、果糖、苹果酸、胡萝卜素及多种维生素。梨还是治疗疾病的良药，民间常用冰糖蒸梨治疗喘咳，“梨膏糖”更是闻名中外。',1),(12,'巨峰葡萄','/uploads/goods/1402308396153-9383.jpg',1,0,1,30.00,'千克',1402308396,1402308485,'巨峰葡萄，属中熟类品种，该品种属四倍体。欧美杂交种。原产日本。大井上康于1937年用大粒康拜尔早生为母本，森田尼为父本杂交培育，为四倍体品种，中国1959年引进。并在全国各地大面积推广。',1),(13,'美国提子','/uploads/goods/1402308985698-4001.jpg',0,1,1,36.00,'千克',1402308985,1402308985,'提子又称“美国葡萄”、“美国提子”，是葡萄的一类品种。以其果脆个大、甜酸适口、极耐贮运、品质佳等优点，被称为“葡萄之王”。',1),(14,'橘子','/uploads/goods/1402309706835-5492.jpg',0,0,1,12.00,'千克',1402309706,1402309706,'橘子常与柑子一起被统称为柑橘，颜色鲜艳，酸甜可口，一般呈橘黄色，也有青色或其他颜色，是人们生活中最常见的水果之一，果皮可入药。',1),(15,'桃','/uploads/goods/1402393152385-9981.jpg',0,0,1,8.00,'千克',1402393152,1402393152,'桃子素有“寿桃”和“仙桃”的美称，因其肉质鲜美，又被称为“天下第一果”。桃肉含蛋白质、脂肪、碳水化合物、粗纤维、钙、磷、铁、胡萝卜素、维生素B1、以及有机酸（主要是苹果酸和柠檬酸）、糖分（主要是葡萄糖、果糖、蔗糖、木糖）和挥发油。',1),(16,'李子','/uploads/goods/1402393384597-1678.jpg',0,0,1,8.00,'千克',1402393384,1402393384,'李子味酸，能促进胃酸和胃消化酶的分泌，并能促进胃肠蠕动，因而有改善食欲，促进消化的作用，尤其对胃酸缺乏、食后饱胀、大便秘结者有效。新鲜李肉中的丝氨酸、甘氨酸、脯氨酸、谷酰胺等氨基酸，有利尿消肿的作用，对肝硬化有辅助治疗效果。',1),(17,'樱桃','/uploads/goods/1402393519524-8812.jpg',0,1,1,50.00,'千克',1402393519,1402393519,'樱桃又名楔荆桃、莺桃、车厘子（cherries）等，是某些李属类植物的统称，包括樱桃亚属、酸樱桃亚属、桂樱亚属等。果实可以作为水果食用，外表色泽鲜艳、晶莹美丽、红如玛瑙，黄如凝脂，果实富含糖、蛋白质、维生素及钙、铁、磷、钾等多种元素。',1),(18,'橙子','/uploads/goods/1402393760193-5630.jpg',0,0,1,20.00,'千克',1402393760,1402393760,'橙子又名“黄果”、“金环”，为芸香科植物香橙的果实，原产于中国东南部，是世界四大名果之一。 橙子分甜橙和酸橙，酸橙又称缸橙，味酸带苦，有时甜中带酸，不宜食用，多用于制取果汁，很少鲜食。鲜食以甜橙为主。',1),(19,'龙眼','/uploads/goods/1402393861679-2259.jpg',0,0,1,40.00,'千克',1402393861,1402394358,'补心脾，益气血，健脾胃，养肌肉。思虑伤脾，头昏，失眠，心悸怔忡，虚赢，病后或产后体虚，及由于脾虚所致之下血失血症。[4]现代医学实践证明 ，它还有美容、延年益寿之功效。\r\n',3),(20,'荔枝','/uploads/goods/1402393941873-8844.jpg',0,0,1,42.00,'千克',1402393941,1402393941,'荔枝所含丰富的糖份具有补充能量，神疲等症状；荔枝肉含丰富的维生素C和蛋白质；荔枝拥有丰富的维生素，可促进微细血管的血液循环，防止雀斑的发生，令皮肤更加光滑。\r\n',3),(21,'橄榄','/uploads/goods/1402394070645-1114.jpg',0,0,1,30.00,'千克',1402394070,1402394070,'橄榄，又名青果，因果实尚呈青绿色时即可供鲜食而得名。橄榄果富含钙质和维生素C，于人有大益。它是一种常绿乔木，橄榄原产于东地中海盆地的沿海地区（临近的东南欧、西亚和北非沿海地区），以及里海南岸的伊朗北部地区。',3),(22,'榴莲','/uploads/goods/1402394138269-3877.jpg',0,1,1,30.00,'千克',1402394138,1402394363,'中国古代明朝的时期，航海舰队到达今东南亚，品尝当地特产果实时，郑和对这种水果大为赞赏，然而果实只能一年一熟，故命名留恋，后人取其谐音，称作榴莲。',3),(23,'菠萝','/uploads/goods/1402394200494-6691.jpg',0,0,1,10.00,'千克',1402394200,1402394200,'\r\n菠萝性平，味甘、微酸、微涩、性微寒，具有清暑解渴、消食止泻、补脾胃、固元气、益气血、消食、祛湿、养颜瘦身等功效，为夏令医食兼优的时令佳果，不过一次也不宜吃太多。\r\n',3),(24,'火龙果','/uploads/goods/1402394265716-8899.jpg',0,0,1,16.00,'千克',1402394265,1402394373,'外观为红色或黄色，有绿色圆角三角形的叶状体，白色、红色或黄色果肉，具有黑色种子的水果。火龙果营养丰富、功能独特，它含有一般植物少有的植物性白蛋白以及花青素，丰富的维生素和水溶性膳食纤维。火龙果属于凉性水果，在自然状态下，果实于夏秋成熟，味甜，多汁。',3),(25,'香蕉','/uploads/goods/1402394332378-3056.jpg',0,0,1,12.00,'千克',1402394332,1402394332,'香蕉果实除作鲜果食用外，还可用于加工，蕉含有天然抗生素，可抑制细菌繁殖，可增加大肠里的乳酸杆菌，促进肠道蠕动，有助于通便排毒。\r\n',3);

#
# Source for table "goods_detail"
#

DROP TABLE IF EXISTS `goods_detail`;
CREATE TABLE `goods_detail` (
  `id` int(11) NOT NULL AUTO_INCREMENT COMMENT '主键',
  `goods` int(11) NOT NULL COMMENT '商品编号',
  `detail` text NOT NULL COMMENT '详细内容',
  PRIMARY KEY (`id`),
  KEY `goods` (`goods`),
  CONSTRAINT `goods_detail_ibfk_1` FOREIGN KEY (`goods`) REFERENCES `goods` (`id`)
) ENGINE=InnoDB AUTO_INCREMENT=20 DEFAULT CHARSET=utf8;

#
# Data for table "goods_detail"
#

INSERT INTO `goods_detail` VALUES (3,9,'<p>\r\n\t中国于1966年开始引进富士苹果。1980年春，农业部组织有关专家赴日本考察时，有选择地引入了长富2、秋富1和长富6等几个着色好的富士品系的苗木和接穗，安排在苹果主产区的多个试点进行系统观察和研究。如今富士系苹果在我国已发展近百万公顷，在辽宁、山东、河北、北京、山西、陕西、天津、河南、江苏、安徽、甘肃等省市，均已代替了晚熟品种国光。\r\n</p>\r\n<p>\r\n\t富士苹果的特点是体积很大，遍体通红，形状很圆，平均大小如棒球一般。果实的重量中，有9－11%是单糖，而且其果肉紧密，比其他很多苹果变种都要甜美和清脆，因此受到全世界消费者的广泛喜爱。富士苹果与其他苹果相比有更长的最佳食用日期，甚至无需放入冰箱保存。室温下可保存4个月，如果放入冰箱，富士苹果可保存5到7个月。\r\n</p>\r\n<p>\r\n\t<br />\r\n</p>\r\n<p>\r\n\t据农业部测定，红富士苹果果实含可溶性物达17.2%，可滴定酸0.25%，糖酸比47：56，每百克果肉含有VC4.41毫克，而且还含有胡罗卜素、脂肪、蛋白质、Ca、Fe等人体需要的营养物质。&nbsp;\r\n</p>\r\n<p>\r\n\t<br />\r\n</p>\r\n<p>\r\n\t<b>降低血脂</b>：日本果树研究所的人体试验表明，每天吃两个苹果，3周后受试者血液中的甘油三酯水平降低了21%，而甘油三酯水平高正是血管硬化的罪魁祸首。苹果的果胶进入人体后，能与胆汁酸结合，像海绵一样吸收多余的胆固醇和甘油三酯，然后排出体外。同时，苹果分解的乙酸有利于这两种物质的分解代谢。另外，苹果中的维生素、果糖、镁等也能降低它们的含量。\r\n</p>\r\n<p>\r\n\t<br />\r\n</p>\r\n<p>\r\n\t<b>&nbsp;降血压：</b>过量的钠是引起高血压和中风的一个重要因素。苹果含有充足的钾，可与体内过剩的钠结合并排出体外，从而降低血压。同时，钾离子能有效保护血管，并降低高血压、中风的发生率。英国著名药理学家苏珊·奥尔里奇博士发现，苹果中所含的多酚及黄酮类物质能有效预防心脑血管疾病。\r\n</p>\r\n<p>\r\n\t<br />\r\n</p>\r\n<p>\r\n\t<b>&nbsp;预防癌症：</b>日本弘前大学的研究证实，苹果中的多酚能够抑制癌细胞的增殖。而芬兰的一项研究更令人振奋：苹果中含有的黄酮类物质是一种高效抗氧化剂，它不但是最好的血管清理剂，而且是癌症的克星。假如人们多吃苹果，患肺癌的几率能减少46%，得其他癌症的几率也能减少20%。法国国家健康医学研究所的最新研究还告诉我们，苹果中的原花青素能预防结肠癌。\r\n</p>\r\n<p>\r\n\t<br />\r\n</p>\r\n<p>\r\n\t<b>抗氧化作用：</b>美国康奈尔大学的研究小组把老鼠的脑细胞浸到含有栎精和维生素C的液体中，发现脑细胞的抗氧化能力明显增强。同其他蔬菜水果相比，苹果里含有的栎精是最好的，而红苹果又比黄苹果和绿苹果好。所以，对于老年痴呆症和帕金森综合症患者来说，苹果是最好的食品。&nbsp;\r\n</p>\r\n<p>\r\n\t<br />\r\n</p>\r\n<p>\r\n\t<b>强化骨骼：</b>苹果中含有能增强骨质的矿物元素硼与锰。美国的一项研究发现，硼可以大幅度增加血液中雌激素和其他化合物的浓度，这些物质能够有效预防钙质流失。医学专家认为，停经妇女如果每天能够摄取3克硼，那么她们的钙质流失率就可以减少46%，绝经期妇女多吃苹果，有利于钙的吸收和利用，防治骨质疏松。&nbsp;\r\n</p>\r\n<p>\r\n\t<br />\r\n</p>\r\n<p>\r\n\t<b>维持酸碱平衡：</b>70%的疾病发生在酸性体质的人身上，而苹果是碱性食品，吃苹果可以迅速中和体内过多的酸性物质（包括运动产生的酸及鱼、肉、蛋等酸性食物在体内产生的酸性代谢产物），增强体力和抗病能力。&nbsp;\r\n</p>\r\n<p>\r\n\t<br />\r\n</p>\r\n<p>\r\n\t“一日一苹果，医生远离我。<span style=\"line-height:1.5;\">”在众多水果之中，苹果可说是最普遍又最平和的一种，但它的营养价值却不容小觑。中医相信它可生津润肺，健脾开胃。营养学上的分析，指出苹果含有最多果糖，并含有多种有机酸、果胶及微量元素。</span> \r\n</p>\r\n<p>\r\n\t<span style=\"line-height:1.5;\"><br />\r\n</span> \r\n</p>\r\n<p>\r\n\t<span style=\"line-height:1.5;\">苹果果胶属于可溶性纤维，不但能促进胆固醇代谢，有效降低胆固醇水平，更可促进脂肪排出体外。法国人做过一项实验，让一组身体健康的中年男女每日进食两、三个苹果，一个月后，量度他们体内胆固醇水平，发现80%的人血中低密度脂蛋白胆固醇(LDL又叫坏胆固醇)都降低了；同时，高密度脂蛋白胆固醇(HDL即好胆固醇)却有所增加。苹果对于心血管的帮助可见一斑。</span> \r\n</p>\r\n<p>\r\n\t<span style=\"line-height:1.5;\"><br />\r\n</span> \r\n</p>\r\n<p>\r\n\t<span style=\"line-height:1.5;\">苹果所含的微量元素钾能扩张血管，有利高血压患者，而锌亦是人体所必需，缺乏时会引致血糖代谢紊乱与性功能下降。&nbsp;</span> \r\n</p>\r\n<p>\r\n\t<span style=\"line-height:1.5;\"><br />\r\n</span> \r\n</p>\r\n<p>\r\n\t<span style=\"line-height:1.5;\">生吃苹果，除了能获得以上效益，还能调理肠胃，因为它的纤维质丰富，有助排泄。另一方面，泄泻的人吃它也有好处，因为苹果酸具收敛作用，但须注意，如属脾胃虚寒型的慢性泄泻，则须将苹果用锡纸包裹，先焗熟或煨熟才吃。</span> \r\n</p>\r\n<p>\r\n\t<span style=\"line-height:1.5;\"><br />\r\n</span>\r\n</p>\r\n<p>\r\n\t<span style=\"line-height:1.5;\">更多内容请查看百度百科：<a href=\"http://baike.baidu.com/view/150649.htm\" target=\"_blank\">http://baike.baidu.com/view/150649.htm</a></span>\r\n</p>'),(4,10,'<p>\r\n\t青苹果就是颜色是青的苹果，青的果酸含量高，有利于美容，苹果都一样，不管是红的青的黄的都是一样的，它的颜色不同是因为它们的品种不同，不同的品种有不同的口味和特点。\r\n</p>\r\n<p>\r\n\t<br />\r\n</p>\r\n<p>\r\n\t&nbsp;含有大量的维生素、矿物质和丰富的膳食纤维，特别是果胶等成分，除了具有一般苹果之补心益气、益胃健脾等功效外，其止泻效果尤佳，慢性腹泻、神经性结肠炎、小儿腹泻患者可经常食用。青苹果养肝解毒，对抗抑郁症，适合年轻人食用，还可促进牙齿和骨骼生长，防止牙床出血。\r\n</p>\r\n<p>\r\n\t医学认为苹果具有生津止渴、润肺除烦、健脾益胃、养心益气、润肠、止泻、解暑、醒酒等功效。所以苹果还有减肥、排毒、美白的功效。\r\n</p>\r\n<p>\r\n\t<b><br />\r\n</b> \r\n</p>\r\n<p>\r\n\t<b>防止肥胖</b> 和其他水果相比\r\n青苹果\r\n青苹果\r\n，苹果可提供的脂肪可忽略不计，它几乎不含蛋白质，提供的卡路里很少，平均100克只有60卡路里。而且它含有丰富的苹果酸，能使积蓄在体内的脂肪有效分散，从而防止体态过胖。\r\n</p>\r\n<p>\r\n\t<b><br />\r\n</b> \r\n</p>\r\n<p>\r\n\t<b> 美白牙齿 </b> 苹果含丰富纤维素，其中的细纤维可以清除牙齿间的污垢，让你有足够自信的笑容。\r\n</p>\r\n<p>\r\n\t<b><br />\r\n</b> \r\n</p>\r\n<p>\r\n\t<b> 排毒养颜</b> 苹果含丰富的果胶，有助调节肠的蠕动，而它所含的纤维质可帮助清除体内垃圾，从而助你排毒养颜。\r\n</p>\r\n<p>\r\n\t<b><br />\r\n</b> \r\n</p>\r\n<p>\r\n\t<b>美白皮肤</b> 苹果中含有大量的维生素C，常吃苹果，可帮助消除皮肤雀斑、黑斑，保持皮肤细嫩红润。<br />\r\n自制苹果面膜方法：苹果去皮，捣烂如泥，干性皮肤加适量鲜牛奶或植物油，油性皮肤加蛋清，搅拌均匀敷面，20分钟后用清水洗净，不仅可除皮肤暗疮、雀斑、黑斑，而且使人皮肤细嫩，柔滑而白皙。\r\n</p>\r\n<p>\r\n\t<br />\r\n</p>\r\n<p>\r\n\t更多内容请查看百度百科：<a href=\"http://baike.baidu.com/subview/29038/5118847.htm\" target=\"_blank\">http://baike.baidu.com/subview/29038/5118847.htm</a> \r\n</p>'),(5,11,'<p>\r\n\t梨含有大量蛋白质、脂肪、钙、磷、铁和葡萄糖、果糖、苹果酸、胡萝卜素及多种维生素。梨还是治疗疾病的良药，民间常用冰糖蒸梨治疗喘咳，“梨膏糖”更是闻名中外。梨还有降血压、清热镇凉的作用，所以高血压及心脏病患者食梨大有益处。\r\n</p>\r\n<p>\r\n\t此外，梨皮和梨叶、花、根也均可入药，有润肺、消痰、清热、解毒等功效。&nbsp;\r\n</p>\r\n<p>\r\n\t<br />\r\n</p>\r\n<p>\r\n\t梨所含的配糖体及鞣酸等成分，能祛痰止咳，对咽喉有养护作用；梨中的果胶含量很高，有助于消化、通利大便。&nbsp;\r\n</p>\r\n<p>\r\n\t1、梨中含有丰富的B族维生素，能保护心脏，减轻疲劳，增强心肌活力，降低血压；&nbsp;\r\n</p>\r\n<p>\r\n\t2、梨所含的配糖 体及鞣酸等成分，能祛痰止咳，对咽喉有养护作用；&nbsp;\r\n</p>\r\n<p>\r\n\t3、梨有较多糖类物质和多种维生素，易被人体吸收，增进食欲，对肝脏具有保护作用；\r\n</p>\r\n<p>\r\n\t4、 梨性凉并能清热镇静，常食能使血压恢复正常，改善头晕目眩等症状；&nbsp;\r\n</p>\r\n<p>\r\n\t5、食梨能防止动脉粥样硬化，抑制致癌物质亚硝胺的形成，从而防癌抗癌；&nbsp;\r\n</p>\r\n<p>\r\n\t6、梨中的果胶含量很高，有助于消化、通利大便。\r\n</p>\r\n<p>\r\n\t7、煮熟的梨有助于肾脏排泄尿酸和预防痛风、风湿病、关节炎。\r\n</p>\r\n<p>\r\n\t<br />\r\n</p>\r\n<p>\r\n\t&nbsp;生活提示：秋末冬初燥咳患者宜用梨食疗&nbsp;\r\n</p>\r\n<p>\r\n\t第一，百日咳。梨 1个，去核，放入贝母末3克或麻黄1克，蒸熟后，去药，吃梨喝汤。每日服用2次。&nbsp;\r\n</p>\r\n<p>\r\n\t第二，燥热咳嗽。大梨1个，蜂蜜60克。将梨挖洞，去梨核，装入蜂蜜，置于大碗中，隔水蒸熟吃。每日服用1～2次。&nbsp;\r\n</p>\r\n<p>\r\n\t第三，感冒咳嗽。梨1个，清水洗净，连皮切碎，加冰糖煮成水喝。每日服用2次。&nbsp;\r\n</p>\r\n<p>\r\n\t第四，麻疹咳嗽。梨1个，瓜蒌皮1只，将梨挖洞，装入瓜蒌皮末，用面粉裹上，烧熟吃。&nbsp;\r\n</p>\r\n<p>\r\n\t第五，气管炎咳嗽。雪梨1个，杏仁10克，白砂糖30~40克，加清水500毫升，隔水蒸熟吃。&nbsp;\r\n</p>\r\n<p>\r\n\t第六，哮喘热咳。梨1个，上刺50个小孔，每孔内塞入花椒，隔水蒸熟，待冷却后，去花椒，吃梨。&nbsp;\r\n</p>\r\n<p>\r\n\t<br />\r\n</p>\r\n<p>\r\n\t<b>食疗偏方</b> \r\n</p>\r\n<p>\r\n\t&nbsp; &nbsp; <b>猪肉煲雪梨</b> \r\n</p>\r\n<p>\r\n\t&nbsp;&nbsp;&nbsp;&nbsp;原料：瘦猪肉500克，雪梨240克，无花果200克。\r\n</p>\r\n<p>\r\n\t&nbsp;&nbsp;&nbsp;&nbsp;制法：雪梨连皮洗净，每个切4块，去核，无花果洗净；猪肉洗净，切块。把全部用料放入锅内，加清水适量，大火煮沸后，小火煲2小时，调味食用。\r\n</p>\r\n<p>\r\n\t&nbsp;&nbsp;&nbsp;&nbsp;功效：清热润燥，生津止渴。\r\n</p>\r\n<p>\r\n\t&nbsp;&nbsp;&nbsp;&nbsp;吃法\r\n榨汁：将梨榨成梨汁，或加胖大海、冬瓜子、冰糖少许，煮饮，对天气亢燥、体质火旺、喉炎干涩、声音不扬者，具有滋润喉头、补充津液的功效。&nbsp;\r\n</p>\r\n<p>\r\n\t<br />\r\n</p>\r\n<p>\r\n\t&nbsp;&nbsp;&nbsp;&nbsp;<b>冰糖蒸梨：</b><span style=\"line-height:1.5;\">冰糖蒸梨是中国传统的食疗补品。可以滋阴润肺，止咳祛痰，对嗓子具有良好的润泽保护作用。&nbsp;</span> \r\n</p>\r\n<p>\r\n\t<span style=\"line-height:1.5;\">&nbsp;&nbsp;&nbsp;&nbsp;<b>梨的饮料：</b>“梨膏糖”更是闻名中外，它是用梨加蜂蜜熬制而成，对患肺热久咳症的病人有明显疗效。&nbsp;</span> \r\n</p>\r\n<p>\r\n\t<span style=\"line-height:1.5;\">&nbsp;&nbsp;&nbsp;&nbsp;<b>饭后吃梨 ：</b>每天在饭后吃一个梨可以有效的帮助我们机体净化肾脏，清洁肠道，对于长期有便秘现象的朋友来说，适当的吃梨可以有效的缓解便秘症状，还能预防结肠癌和直肠癌的发生，饭后吃梨，能够让积存在人体内的致癌物质大量的排出。</span> \r\n</p>\r\n<p>\r\n\t<span style=\"line-height:1.5;\"><br />\r\n</span> \r\n</p>\r\n<p>\r\n\t<span style=\"line-height:1.5;\">&nbsp;&nbsp;&nbsp;&nbsp;<b>冰糖银耳雪梨</b>&nbsp;</span> \r\n</p>\r\n<p>\r\n\t<span style=\"line-height:1.5;\">&nbsp;&nbsp;&nbsp;&nbsp;原料：冰糖120克，雪梨1个，银耳20克。&nbsp;</span> \r\n</p>\r\n<p>\r\n\t<span style=\"line-height:1.5;\">&nbsp;&nbsp;&nbsp;&nbsp;制法：雪梨洗净，连皮切成块状，去核，切成10块即可，银耳洗净用热水或冷水泡发，把雪梨块、冰糖、银耳全部加入成有冷水的锅中，清水适量，大货煮沸后，小火煲1个半小时即可。\r\n功效：润肺去火，美容养颜。</span> \r\n</p>\r\n<p>\r\n\t<br />\r\n</p>\r\n<p>\r\n\t更多信息请查看百度百科：<a href=\"http://baike.baidu.com/subview/36989/6013128.htm\" target=\"_blank\">http://baike.baidu.com/subview/36989/6013128.htm</a> \r\n</p>'),(6,12,'<p>\r\n\t巨峰葡萄水份充足，含糖量高，可做为水果食用。每年7月份成熟，大量上市。&nbsp;\r\n</p>\r\n<p>\r\n\t<br />\r\n</p>\r\n<p>\r\n\t1、巨峰葡萄中的糖主要是葡萄糖，能很快的被人体吸收。\r\n</p>\r\n<p>\r\n\t2、法国科学家研究发现，葡萄能比阿斯匹林更好地阻止血栓形成，并且能降低人体血清胆固醇水平，降低血小板的凝聚力，对预防心脑血管病有一定作用；\r\n</p>\r\n<p>\r\n\t3、葡萄中含的类黄酮是一种强力抗氧化剂，可抗衰老，并可清除体内自由基体；&nbsp;\r\n</p>\r\n<p>\r\n\t4、葡萄中含有一种抗癌微量元素（白藜芦醇），可以防止健康细胞癌变，阻止癌细胞扩散。葡萄汁可以帮助器官移植手术患者减少排异反应，促进早日康复。\r\n</p>\r\n<p>\r\n\t<br />\r\n</p>\r\n<p>\r\n\t<b>食用禁忌</b> \r\n</p>\r\n<p>\r\n\t糖尿病患者，便秘者，脾胃虚寒者，少食；\r\n</p>\r\n<p>\r\n\t忌与海鲜、鱼、萝卜、四环素同食；\r\n</p>\r\n<p>\r\n\t服用人参者忌食；吃后不能立刻喝水，易引发腹泻。\r\n</p>\r\n<p>\r\n\t<br />\r\n</p>\r\n<p>\r\n\t<b>酿酒原料</b>&nbsp;\r\n</p>\r\n<p>\r\n\t巨峰葡萄含糖量好，有多种营养成份及人本需要的微量原素，适合做酿造葡萄酒的原材料。\r\n</p>\r\n<p>\r\n\t<br />\r\n</p>\r\n<p>\r\n\t更多内容请查看百度百科：<a href=\"http://baike.baidu.com/view/182708.htm\" target=\"_blank\">http://baike.baidu.com/view/182708.htm</a>\r\n</p>'),(7,13,'<p>\r\n\t提子又称“美国葡萄”、“美国提子”，是葡萄的一类品种。以其果脆个大、甜酸适口、极耐贮运、品质佳等优点，被称为“葡萄之王”。\r\n</p>\r\n<p>\r\n\t<br />\r\n</p>\r\n<p>\r\n\t&nbsp;“提子”本来是传统粤语口语对葡萄的称呼，由于早年进口葡萄借用了粤语的称呼，所以提子在中国大部分地区的语境里仅指进口品种的葡萄。但在传统粤语的语境里，提子泛指所有种类的葡萄。粤语口语没有“葡萄”的叫法，只做书面语使用，粤语地区民间把所有种类的葡萄都称为“提子”。&nbsp;\r\n</p>\r\n<p>\r\n\t<br />\r\n</p>\r\n<p>\r\n\t一般情况下，在除粤语地区以外的其它地区，提子一般就指的是进口品种的葡萄。\r\n</p>\r\n<p>\r\n\t<span style=\"line-height:1.5;\"><br />\r\n</span>\r\n</p>\r\n<p>\r\n\t<span style=\"line-height:1.5;\">提子具有果脆个大、甜酸适口、极耐贮运、品质佳等优点，虽然价格不菲，但在市场上以其 “贵族身份”而备受青睐。提子所含热量较高，半碗提子已相等于一份水果</span><span style=\"line-height:1.5;\">分量；但提子皮和提子籽内含抗氧化物质，对于心脑血管疾病具预防作用。</span>\r\n</p>\r\n<p>\r\n\t<span style=\"line-height:1.5;\">⒈提子中的糖主要是葡萄糖，能很快的被人体吸收。当人体出现低血糖时，若及时饮用葡萄汁，可很快使症状缓 解&nbsp;</span>\r\n</p>\r\n<p>\r\n\t<span style=\"line-height:1.5;\">⒉法国科学家研究发现，提子能比阿斯匹林更好地阻止血栓形成，并且能降\r\n提子\r\n提子\r\n低人体血清胆固醇水平，降低血小板的凝聚力，对预防心脑血管病有一定作用&nbsp;</span>\r\n</p>\r\n<p>\r\n\t<span style=\"line-height:1.5;\">⒊提子中含的类黄酮是一种强力抗氧化剂，可抗衰老，并可清除体内自由基&nbsp;</span>\r\n</p>\r\n<p>\r\n\t<span style=\"line-height:1.5;\">⒋提子中含有一种抗癌微量元素，可以防止健康细胞癌变，阻止癌细胞扩散。葡萄汁可以帮助器官植手术患者减少排异反应，促进早日康复。每100克葡萄所含营养素如下：热量 （43.00千卡） 蛋白质 (0.50克） 脂肪 (0.20克） 碳水化合物 （10.30克）膳食纤维 (0.40克）维生素A （8.00微克）胡萝卜素 （50.00微克） 硫胺素 (0.04毫克）核黄素 (0.02毫克） 尼克酸 (0.20毫克） 维生素C （25.00毫克） 维生素E (0.70毫克） 钙 （5.00毫克） 磷 （13.00毫克） 钠 （1.30毫克）镁 （8.00毫克） 铁 (0.04毫克） 锌 (0.18毫克） 硒 (0.20微克） 铜 (0.09毫克） 锰 (0.06毫克） 钾 （104.00毫克）</span>\r\n</p>\r\n<p>\r\n\t<span style=\"line-height:1.5;\"><br />\r\n</span>\r\n</p>\r\n<p>\r\n\t<span style=\"line-height:1.5;\"><b>&nbsp;食疗作用</b>&nbsp;</span>\r\n</p>\r\n<p>\r\n\t<span style=\"line-height:1.5;\">提子性平、味甘酸，入肺、脾、肾经；有补气血、益肝肾、生津液、强筋骨、止咳除烦、补益气血、通利小便的功效。&nbsp;</span>\r\n</p>\r\n<p>\r\n\t<span style=\"line-height:1.5;\">主治气血虚弱、肺虚咳嗽、心悸盗汗、风湿痹痛、淋症、浮肿等症，也可用于脾虚气弱、气短乏力、水肿、小便不利等病症的辅助治疗。&nbsp;</span>\r\n</p>\r\n<p>\r\n\t<span style=\"line-height:1.5;\">1.抗病毒杀细菌：葡萄中含有天然的聚合苯酚，能与病毒或细菌中的蛋白质化合，使之失去传染疾病的能力，尤其对肝炎病毒、脊髓灰质炎病毒等有很好的杀灭作用。&nbsp;</span>\r\n</p>\r\n<p>\r\n\t<span style=\"line-height:1.5;\">2.防癌抗癌：葡萄中含有一种叫白藜芦醇的化合物质，可以防止正常细胞癌变，并能抑制已恶变细胞扩散，有较强的防癌抗癌功能。\r\n提子\r\n提子&nbsp;</span>\r\n</p>\r\n<p>\r\n\t<span style=\"line-height:1.5;\">3.抗贫血：葡萄中含具有抗恶性贫血作用的维生素B12，尤其是带皮的葡萄发酵制成的红葡萄酒，每升中约含维生素B12。12～15毫克。因此，常饮红葡萄酒，有益于治疗恶性贫血。&nbsp;</span>\r\n</p>\r\n<p>\r\n\t<span style=\"line-height:1.5;\">4.降低胃酸利胆：现代药理研究证明，葡萄中还含有维生素P，用葡萄种子油15克口服即可降低胃酸毒性，12克口服即可达到利胆的作用，因而可治疗胃炎、肠炎及呕吐等。&nbsp;</span>\r\n</p>\r\n<p>\r\n\t<span style=\"line-height:1.5;\">5.抗动脉粥样硬化：研究发现，葡萄酒在增加血浆中高密度脂蛋白的同时，能减少低密度脂蛋白含量。低密度脂蛋白可引起动脉粥样硬化，而高度密脂蛋白不仅不引起动脉粥样硬化，还有抗动脉粥样硬化的作用。因此常食葡萄（葡萄酒），可减少冠心病引起的死亡。同时，葡萄中钾元素含量较高，能帮助人体积累钙质，促进肾脏功能，调节心搏次数。&nbsp;</span>\r\n</p>\r\n<p>\r\n\t<span style=\"line-height:1.5;\">6.补益和兴奋大脑神经：葡萄果实中，葡萄糖、有机酸、氨基酸、维生素的含量都很丰富，可补益和兴奋大脑神经，对治疗神经衰弱和消除过度疲劳有一定效果。&nbsp;</span>\r\n</p>\r\n<p>\r\n\t<span style=\"line-height:1.5;\">7.利尿消肿安胎：据李时珍记载，葡萄的根、藤、叶等有很好的利尿、消肿、安胎作用，可治疗妊娠恶阻、呕吵、浮肿等病症。&nbsp;</span>\r\n</p>\r\n<p>\r\n\t<span style=\"line-height:1.5;\"><br />\r\n</span>\r\n</p>\r\n<p>\r\n\t<span style=\"line-height:1.5;\"><b>果皮</b>&nbsp;</span>\r\n</p>\r\n<p>\r\n\t<span style=\"line-height:1.5;\">提子皮中富含一种多羟基酚类化合物———白藜芦醇，具有降血脂、抗血栓、预防动脉硬化、增强免疫能力等作用。&nbsp;</span>\r\n</p>\r\n<p>\r\n\t<span style=\"line-height:1.5;\">提子皮中的另一种重要物质———单宁，具有抗过敏、延缓衰老、增强免疫和预防心脑血管疾病的功效。&nbsp;</span>\r\n</p>\r\n<p>\r\n\t<span style=\"line-height:1.5;\">提子皮中含有的花青素，具有强抗氧化、抗突变、减轻肝机能障碍、保护心血管等功能。&nbsp;</span>\r\n</p>\r\n<p>\r\n\t<span style=\"line-height:1.5;\">提子皮还具有抗癌作用，美国伊利诺斯药科大学的研究人员发现，这种物质在花生米、提子等70多种植物中都多少不等地存在着，而尤以提子皮和红葡萄酒中最多。&nbsp;</span>\r\n</p>\r\n<p>\r\n\t<span style=\"line-height:1.5;\"><br />\r\n</span>\r\n</p>\r\n<p>\r\n\t<span style=\"line-height:1.5;\">由于当前市面上的提子，大部分存在农药残留问题，所以在提子连皮吃之前一定要清洗干净。最好先用水冲洗，配以能有效清除农药成分的洗洁用品，清洗两分钟以上。但不宜用清水、盐水浸泡，因为水的浸泡容易促进提子表面的残留农药渗透进入果肉。&nbsp;</span>\r\n</p>\r\n<p>\r\n\t<span style=\"line-height:1.5;\"><br />\r\n</span>\r\n</p>\r\n<p>\r\n\t<span style=\"line-height:1.5;\"><b>适合人群</b>&nbsp;</span>\r\n</p>\r\n<p>\r\n\t<span style=\"line-height:1.5;\">一般人群均可适用。&nbsp;</span>\r\n</p>\r\n<p>\r\n\t<span style=\"line-height:1.5;\">⒈肾炎、高血压、水肿患者，儿童、孕妇、贫血患者，神经衰弱、过度疲劳、体倦乏力、未老先衰者，肺虚咳嗽、盗汗者，风湿性关节炎、四肢筋骨疼痛者，癌症患者尤其适合食用&nbsp;</span>\r\n</p>\r\n<p>\r\n\t<span style=\"line-height:1.5;\">⒉糖尿病患者，便秘者不宜多吃；脾胃虚寒者不宜多食，多食则令人泄泻。</span>\r\n</p>\r\n<p>\r\n\t<span style=\"line-height:1.5;\"><br />\r\n</span>\r\n</p>\r\n<p>\r\n\t<span style=\"line-height:1.5;\">更多内容请查看百度百科：<a href=\"http://baike.baidu.com/subview/618470/9175621.htm\" target=\"_blank\">http://baike.baidu.com/subview/618470/9175621.htm</a></span>\r\n</p>'),(8,14,'<p>\r\n\t橘子常与柑子一起被统称为柑橘，颜色鲜艳，酸甜可口，一般呈橘黄色，也有青色或其他颜色，是人们生活中最常见的水果之一，果皮可入药。\r\n</p>\r\n<p>\r\n\t<br />\r\n</p>\r\n<p>\r\n\t橘子味甘酸、性温，入肺。主要治胸隔结气、呕逆少食、胃阴不足、口中干渴、肺热咳嗽及饮酒过度。<span style=\"line-height:1.5;\">具有开胃、止渴润肺的功效。橘子营养也十分丰富，一个橘子就几乎满足人体一天中所需的维生素C的含量。并且橘子中含有170余种植物化合物和60余种黄酮类化合物，其中的大多数物质均是天然抗氧化剂。橘子中丰富的营养成分有降血脂、抗动脉粥样硬化等作用，对于预防心血管疾病的发生大有益处。</span> \r\n</p>\r\n<p>\r\n\t<br />\r\n</p>\r\n<p>\r\n\t橘汁中含有一种名为“诺米林”的物质，具有抑制和杀死癌细胞的能力，对胃癌有预防作用。\r\n</p>\r\n<p>\r\n\t橘子皮呈橙红色，果肉呈粒状，与柚子十分相似。橘子皮薄肉多，汁水酸甜可口 ，剥开橘子橘子水就可溢出。\r\n</p>\r\n<p>\r\n\t柑橘果实营养丰富，色香味兼优，既可鲜食，又可加工成以果汁为主的各种加工制品。\r\n</p>\r\n<p>\r\n\t<br />\r\n</p>\r\n<p>\r\n\t柑橘产量居百果之首，柑橘汁占果汁的3/4，广受消费者的青睐。据中央卫生研究院分析，柑橘每100克的可食部分中，含核黄素0.05毫克，尼克酸0.3毫克，抗坏血酸（维生素C）16毫克，蛋白质0.9克，脂肪0.1克，糖12克，粗纤维0.2克，无机盐0.4克，钙26毫克，磷15毫克，铁0.2毫克，热量221.9焦耳。桔中的胡萝卜素（维生素A原）含量仅次于杏，比其他水果都高。柑橘还含多种维生素，此外，还含镁、硫、钠、氯和硅等元素。\r\n</p>\r\n<p>\r\n\t<br />\r\n</p>\r\n<p>\r\n\t橘子可以说全身是宝，具有润肺、止咳、化痰、健脾、顺气、止渴的功效，肉、皮、络、核、叶皆可入药，在日常生活中发挥着重要的作用。&nbsp;\r\n</p>\r\n<p>\r\n\t橘子的果肉可加工成罐头、蜜饯、果酱、果糕、果胨、果糖等耐储存的制品，还可以制成果汁、果酒等饮料。\r\n</p>\r\n<p>\r\n\t橘子皮可以美容、除茶锈、除臭，《本草纲目》中说陈皮（橘子皮）“同补药则补；同泻药则泻；同升药则升；同降药则降。”可见在古代，人们就已经认识到橘子的药用价值了。陈皮可以理气、除燥、利湿、化痰、止咳、健脾、和胃。\r\n</p>\r\n<p>\r\n\t橘瓤上的网状经络叫橘络，有通络化痰、顺气活血的功效，常用于治疗痰滞咳嗽等症。橘络中的维生素P含量高，因此可以有效防治高血压，老人平时多吃橘子对身体健康有很大好处。\r\n</p>\r\n<p>\r\n\t橘核味苦无毒，有散结、理气止痛的功效。\r\n</p>\r\n<p>\r\n\t橘叶可以疏肝理气、消肿散毒。\r\n</p>\r\n<p>\r\n\t把橘皮的白色内层去掉之后的表皮叫“橘红”，能起到理肺气、祛痰的效果。&nbsp;\r\n</p>\r\n<p>\r\n\t橘子味甘酸、性温，入肺、胃经; 具有开胃理气，止渴润肺的功效;<span style=\"line-height:1.5;\">治胸隔结气、呕逆少食、胃阴不足、口中干渴、肺热咳嗽及饮酒过度。</span> \r\n</p>\r\n<p>\r\n\t<span style=\"line-height:1.5;\"><br />\r\n</span> \r\n</p>\r\n<p>\r\n\t<span style=\"line-height:1.5;\">其皮、核、络、叶都是“地道药材”。橘皮入药称为“陈皮”，具有理气燥湿、化痰止咳、健脾和胃的功效，常用于防治胸胁胀痛、疝气、乳胀、乳房结块、胃痛、食积、输气等症。</span> \r\n</p>\r\n<p>\r\n\t<span style=\"line-height:1.5;\">其果核叫“橘核”，有散结、止痛的功效， 临床常用来治疗睾丸肿痛、乳腺炎性肿痛等症。橘络，即橘瓤上的网状经络，有通络化痰、顺气活血之功效，常用于治疗痰滞咳嗽等症。&nbsp;</span> \r\n</p>\r\n<p>\r\n\t<span style=\"line-height:1.5;\">日本研究人员对6000多人进行调查后发现，吃橘子的人患冠心病、高血压、糖尿病、痛风的比率比较低。橘子含维生素c与柠檬酸，除维生素c以外，还可摄取膳食纤维——果胶，它可以促进通便，并且可以降低胆固醇。</span> \r\n</p>\r\n<p>\r\n\t<span style=\"line-height:1.5;\">橘子在烧烤的过程中， 橘皮中的橘皮甙等成分可以渗透到橘子里面去。橘皮苷可以加强毛细血管的韧性，降血压，扩张心脏的冠状动脉，因此可以说，橘子是预防冠心病和动脉感化的食品。具体方法是将橘子（1～2只）洗净后放在40℃～50℃的开水中浸泡1分钟，然后用布擦干放在铁丝网上，用中火烧烤至外皮微焦，冷却后将橘络、果肉连同果肉外侧的薄皮一起食用，每日3次。&nbsp;</span> \r\n</p>\r\n<p>\r\n\t<span style=\"line-height:1.5;\"><br />\r\n</span> \r\n</p>\r\n<p>\r\n\t<span style=\"line-height:1.5;\">美国佛罗里达大学研究人员证实，食用柑橘可以降低沉积在动脉血管中的胆固醇， 有助于使动脉粥样硬化发生逆转。 在鲜柑橘汁中有一种抗癌活性很强的物质“诺米灵”，它能使致癌化学物质分解，抵制和阻断癌细胞的生长，能使人体内除毒酶的活性成倍提高，阻止致癌物质对细胞核的损伤，保护基因的完好。</span> \r\n</p>\r\n<p>\r\n\t<span style=\"line-height:1.5;\"><br />\r\n</span> \r\n</p>\r\n<p>\r\n\t<span style=\"line-height:1.5;\"><b>&nbsp;陈皮</b>&nbsp;</span> \r\n</p>\r\n<p>\r\n\t<span style=\"line-height:1.5;\">橘子成熟果实之外皮。其性温味辛苦，具有理气健脾、燥湿化痰、止咳降逆等功能。可治疗脘腹胀满及疼痛、食少纳呆、恶心呕吐、嗳气、呃逆、便溏泄泻、寒痰咳嗽等病症，是常用的理气药， 还可解鱼蟹毒。</span> \r\n</p>\r\n<p>\r\n\t<span style=\"line-height:1.5;\"><b><br />\r\n</b></span> \r\n</p>\r\n<p>\r\n\t<span style=\"line-height:1.5;\"><b>青皮</b>&nbsp;</span> \r\n</p>\r\n<p>\r\n\t<span style=\"line-height:1.5;\">橘子未成熟果实之外皮，色青而名之。其性温味苦辛，具疏肝破气、散结消痰之功， 力较陈皮强，常用于肝郁气滞所致的胸胁胀满、胃脘胀闷、疝气、食积、乳房作胀或结块、症瘕等症。&nbsp;</span> \r\n</p>\r\n<p>\r\n\t<span style=\"line-height:1.5;\"><br />\r\n</span> \r\n</p>\r\n<p>\r\n\t<span style=\"line-height:1.5;\"><b>橘络</b></span> \r\n</p>\r\n<p>\r\n\t<span style=\"line-height:1.5;\"> 橘皮内层的网状筋络。性味甘苦平， 有行气通络、化痰止咳之功。主治痰滞经络之胸胁胀痛、咳嗽咳痰或痰中带血等症。&nbsp;</span> \r\n</p>\r\n<p>\r\n\t<span style=\"line-height:1.5;\"><br />\r\n</span> \r\n</p>\r\n<p>\r\n\t<span style=\"line-height:1.5;\"><b>橘肉&nbsp;</b></span> \r\n</p>\r\n<p>\r\n\t<span style=\"line-height:1.5;\">味甘酸性温，具开胃理气、止咳润肺、解酒醒神之功效。主治呕逆食少、口干舌燥、肺热咳嗽、饮酒过度等病症，还可辅助治疗高脂血症、动脉硬化及多种心血管疾病。（注意：吃多也会上火）</span> \r\n</p>\r\n<p>\r\n\t<span style=\"line-height:1.5;\"><br />\r\n</span> \r\n</p>\r\n<p>\r\n\t<span style=\"line-height:1.5;\"><b>橘核</b>&nbsp;</span> \r\n</p>\r\n<p>\r\n\t<span style=\"line-height:1.5;\">橘子的果核（种子），性微温味苦平，有理气散结止痛之功效。对睾丸胀痛、疝气疼痛、乳房结块胀痛、腰痛等有良效。\r\n橘子虽然很好吃，但中医提醒，很多人在吃橘子时，喜欢把包裹橘肉外层的网状筋络，即橘络撕掉，这是不可取的。橘络也是一味良药，因此建议吃橘子时不要撕掉。</span> \r\n</p>\r\n<p>\r\n\t<br />\r\n</p>\r\n<p>\r\n\t更多内容请查看：<a href=\"http://baike.baidu.com/subview/47896/10576456.htm\" target=\"_blank\">http://baike.baidu.com/subview/47896/10576456.htm</a> \r\n</p>'),(9,15,'<p>\r\n\t桃子素有“寿桃”和“仙桃”的美称，因其肉质鲜美，又被称为“天下第一果”。桃肉含蛋白质、脂肪、碳水化合物、粗纤维、钙、磷、铁、胡萝卜素、维生素B1、以及有机酸（主要是苹果酸和柠檬酸）、糖分（主要是葡萄糖、果糖、蔗糖、木糖）和挥发油。\r\n</p>\r\n<p>\r\n\t每100克鲜桃中所含水分占比88%，蛋白质约有0.7克，碳水化合物11克，热量只有180.0千焦。桃子适宜低血钾和缺铁性贫血患者食用。&nbsp;\r\n</p>\r\n<p>\r\n\t<br />\r\n</p>\r\n<p>\r\n\t<b>【营养价值】</b>&nbsp;\r\n</p>\r\n<p>\r\n\t桃子素有“寿桃”和“仙桃”的美称，因其肉质鲜美，又被称为“天下第一果”。桃肉含蛋白质、脂肪、碳水化合物、粗纤维、钙、磷、铁、胡萝卜素、维生素B1、以及有机酸（主要是苹果酸和柠檬酸）、糖分（主要是葡萄糖、果糖蔗糖、木糖）和挥发油。每100克鲜桃中所含水分占比88%，蛋白质约有0.7克，碳水化合物11克，热量只有180.0千焦。<span style=\"line-height:1.5;\">桃子适宜低血钾和缺铁性贫血患者食用。</span>\r\n</p>\r\n<p>\r\n\t<span style=\"line-height:1.5;\"><br />\r\n</span>\r\n</p>\r\n<p>\r\n\t<span style=\"line-height:1.5;\">【食疗价值】</span>\r\n</p>\r\n<p>\r\n\t<span style=\"line-height:1.5;\">&nbsp;桃肉味甘酸、性温，归胃、大肠经；\r\n具有养阴、生津、润燥活血的功效；\r\n主治夏日口渴，便秘，痛经，虚劳喘咳，疝气疼痛，遗精，自汗，盗汗等症。\r\n桃树干上分泌的胶质，俗称桃胶，可用作粘接剂等，为一种聚糖类物质，水解能生成。阿拉伯糖、半乳糖、木糖、鼠李糖、葡糖醛酸等，可食用，也供药用，有破血、和血、益气之效。</span>\r\n</p>\r\n<p>\r\n\t<span style=\"line-height:1.5;\">&nbsp;</span>\r\n</p>\r\n<p>\r\n\t<span style=\"line-height:1.5;\"><b>做法指导&nbsp;</b></span>\r\n</p>\r\n<p>\r\n\t<span style=\"line-height:1.5;\">1. 鲜食，作脯食，或煎汁饮汤食肉。&nbsp;</span>\r\n</p>\r\n<p>\r\n\t<span style=\"line-height:1.5;\">2. 食用前要将桃毛洗净，以免刺入皮肤，引起皮疹；或吸入呼吸道，引起咳嗽、咽喉刺痒等症。&nbsp;</span>\r\n</p>\r\n<p>\r\n\t<span style=\"line-height:1.5;\"><br />\r\n</span>\r\n</p>\r\n<p>\r\n\t<span style=\"line-height:1.5;\"><b>食用技巧</b></span>\r\n</p>\r\n<p>\r\n\t<span style=\"line-height:1.5;\"> 1、巧去桃毛：在清水中放入少许食用碱，将鲜桃放入浸泡3分钟，搅动几下，如此桃毛便会自动上浮，清洗几下毛就没了。&nbsp;</span>\r\n</p>\r\n<p>\r\n\t<span style=\"line-height:1.5;\">2、挑选桃子：用手摸，表面毛茸茸、有刺痛感的是没有被浇过水的，以稍用力按压时硬度适中不出水的为宜，太软则容易烂。颜色红的桃子不一定甜，桃核与果肉分离的不要买，核与肉粘在一起的，果肉才比较甜。&nbsp;</span>\r\n</p>\r\n<p>\r\n\t<span style=\"line-height:1.5;\"><br />\r\n</span>\r\n</p>\r\n<p>\r\n\t<span style=\"line-height:1.5;\">【适宜人群】&nbsp;</span>\r\n</p>\r\n<p>\r\n\t<span style=\"line-height:1.5;\">宜食：桃子适宜低血糖者以及口干饥渴之时食用；适宜低血钾和缺铁性贫血者食用；适宜肺病、肝病、水肿患者食用；适宜胃纳欠香、消化力弱者食用。</span>\r\n</p>\r\n<p>\r\n\t<span style=\"line-height:1.5;\">忌食：桃子性热，有内热生疮、毛囊炎、痈疖和面部痤疮者忌食；糖尿病患者忌食；桃子忌与甲鱼同食；烂桃切不可食，否则有损健康。</span>\r\n</p>\r\n<p>\r\n\t<span style=\"line-height:1.5;\"><br />\r\n</span>\r\n</p>\r\n<p>\r\n\t<span style=\"line-height:1.5;\">更多内容请参考百度百科：<a href=\"http://baike.baidu.com/subview/36927/9727901.htm\" target=\"_blank\">http://baike.baidu.com/subview/36927/9727901.htm</a></span>\r\n</p>'),(10,16,'<p>\r\n\t李子味酸，能促进胃酸和胃消化酶的分泌，并能促进胃肠蠕动，因而有改善食欲，促进消化的作用，尤其对胃酸缺乏、食后饱胀、大便秘结者有效。新鲜李肉中的丝氨酸、甘氨酸、脯氨酸、谷酰胺等氨基酸，有利尿消肿的作用，对肝硬化有辅助治疗效果。\r\n</p>\r\n<p>\r\n</p>\r\n<p>\r\n\t【营养价值】&nbsp;\r\n</p>\r\n<p>\r\n\t化学成分\r\n果实含赤霉素A/32（gibberellinA/32）。还含胡萝卜类色素，如β-胡萝卜素（β-carcotene），隐黄质（cryptoxanthin），叶黄素（lutein），堇黄质（violaxanthin）及新黄质（neoxanthin），并含维生素A。\r\n营养成分\r\n李子的营养略低于桃子，含糖、微量蛋白质、脂肪、胡萝卜素、维生素B1.B2.C，烟酸、钙、磷、铁、天门冬素、谷酰胺、丝氨酸、甘氨酸、脯氨酸、苏氨酸、丙氨酸等成分。&nbsp;\r\n</p>\r\n<p>\r\n\t每100克李子的可食部分中，含有能量117.2～221.9千焦，糖8.8克，蛋白质0.7克，脂肪0．25克，维生素A原（胡萝卜素）100--360微克，烟酸0.3毫克，钙6毫克以上，磷12毫克，铁0.3毫克，钾130毫克，维生素c 2～7毫克，另外含有其他矿物质、多种氨基酸、天门冬素以及纤维素等。&nbsp;\r\n</p>\r\n<p>\r\n\t<br />\r\n</p>\r\n<p>\r\n\t【食用方法】&nbsp;\r\n</p>\r\n<p>\r\n\t&nbsp;&nbsp;&nbsp;<b>&nbsp;鲜李子</b>\r\n</p>\r\n<p>\r\n\t&nbsp;&nbsp;&nbsp;&nbsp;原料：李子。\r\n</p>\r\n<p>\r\n\t&nbsp;&nbsp;&nbsp;&nbsp;制法及用法：李子生食。每次2枚，每日3次。\r\n</p>\r\n<p>\r\n\t&nbsp;&nbsp;&nbsp;&nbsp;功效：治肝硬化腹水。&nbsp;\r\n</p>\r\n<p>\r\n\t<br />\r\n</p>\r\n<p>\r\n\t&nbsp;&nbsp;&nbsp;&nbsp;<b>李树胶汤</b> \r\n</p>\r\n<p>\r\n\t&nbsp;&nbsp;&nbsp;&nbsp;原料：李树胶适量。\r\n</p>\r\n<p>\r\n\t&nbsp;&nbsp;&nbsp;&nbsp;制法及用法：李树胶煎汤。\r\n</p>\r\n<p>\r\n\t&nbsp;&nbsp;&nbsp;&nbsp;每日服2次。\r\n</p>\r\n<p>\r\n\t&nbsp;&nbsp;&nbsp;&nbsp;功效：治目翳，定痛消肿。\r\n</p>\r\n<p>\r\n\t<br />\r\n</p>\r\n<p>\r\n\t【适宜人群】&nbsp;\r\n</p>\r\n<p>\r\n\t&nbsp;&nbsp;&nbsp;&nbsp;一般人群均能食用&nbsp;\r\n</p>\r\n<p>\r\n\t&nbsp;&nbsp;&nbsp;&nbsp;1、发热、口渴、虚痨骨蒸、肝病腹水者，教师、演员音哑或失音者，慢性肝炎、肝硬化者尤益食用。\r\n</p>\r\n<p>\r\n\t&nbsp;&nbsp;&nbsp;&nbsp;&nbsp;2、李子含高量的果酸，多食伤脾胃，过量食用易引起胃痛，溃疡病及急、慢性胃肠炎患者忌服。&nbsp;\r\n</p>\r\n<p>\r\n\t&nbsp;&nbsp;&nbsp;&nbsp;3、多食易生痰湿、伤脾胃，又损齿。故脾虚痰湿及小儿不宜多吃。&nbsp;\r\n</p>\r\n<p>\r\n\t<br />\r\n</p>\r\n<p>\r\n\t【食用禁忌】&nbsp;\r\n</p>\r\n<p>\r\n\t&nbsp;&nbsp;&nbsp;&nbsp;1.未熟透的李子不要吃。&nbsp;\r\n</p>\r\n<p>\r\n\t&nbsp;&nbsp;&nbsp;&nbsp;2.切忌过量多食，易引起虚热脑胀、损伤脾胃。&nbsp;\r\n</p>\r\n<p>\r\n\t&nbsp;&nbsp;&nbsp;&nbsp;3.李子同蜜及雀肉、鸡肉、鸡蛋、鸭肉、鸭蛋食，损五脏；勿同麋鹿肉食。\r\n</p>\r\n<p>\r\n\t<br />\r\n</p>\r\n<p>\r\n\t更多内容请参考百度百科：<a href=\"http://baike.baidu.com/subview/37929/6501312.htm\" target=\"_blank\">http://baike.baidu.com/subview/37929/6501312.htm</a><span style=\"line-height:1.5;\"></span>\r\n</p>'),(11,17,'<p>\r\n\t樱桃又名楔荆桃、莺桃、车厘子（cherries）等，是某些李属类植物的统称，包括樱桃亚属、酸樱桃亚属、桂樱亚属等。果实可以作为水果食用，外表色泽鲜艳、晶莹美丽、红如玛瑙，黄如凝脂，果实富含糖、蛋白质、维生素及钙、铁、磷、钾等多种元素。\r\n</p>\r\n<p>\r\n\t<br />\r\n</p>\r\n<p>\r\n\t【食用价值】&nbsp;\r\n</p>\r\n<p>\r\n\t樱桃铁的含量较高，每百克樱桃中含铁量多达59毫克，居于水果首位。维生素A含量比葡萄、苹果、橘子多4-5倍。胡萝卜素含量比葡萄、苹果、橘子多4～5倍。此外，樱桃中还含有维生素B、C\r\n樱桃\r\n樱桃\r\n及钙、磷等矿物元素。每100g含水分83g，蛋白质1.4g ，脂肪0.3g，糖8g，碳水化合物14.4g，热量66千卡，粗纤维0.4g，灰分0.5g，钙18mg，磷18mg，铁5.9mg，胡萝卜素0.15mg，硫胺素0.04mg，核黄素0.08mg，尼可酸0.4mg，抗坏血酸900mg，钾258mg，钠0.7mg，镁10.6mg。\r\n</p>\r\n<p>\r\n\t&nbsp;&nbsp;&nbsp;&nbsp;樱桃可以缓解贫血。铁是合成人体血红蛋白的原料，对于女性来说，有着极为重要的意义。世界卫生组织的调查表明，大约有50%的女童、20%的成年女性、40%的孕妇会发生缺铁性贫血。\r\n另外，樱桃虽好，但也注意不要多吃。因为其中除了含铁多以外，还含有一定量的氰甙，若食用过多会引起铁中毒或氰化物中毒。&nbsp;\r\n</p>\r\n<p>\r\n\t<br />\r\n</p>\r\n<p>\r\n\t【食疗偏方】&nbsp;\r\n</p>\r\n<p>\r\n\t&nbsp;&nbsp;&nbsp;&nbsp;<b>樱桃水</b>&nbsp;\r\n</p>\r\n<p>\r\n\t&nbsp;&nbsp;&nbsp;&nbsp;原料：鲜樱桃数斤。\r\n</p>\r\n<p>\r\n\t&nbsp;&nbsp;&nbsp;&nbsp;制法及用法：樱桃装入瓷坛内封固，埋入土中，约深1米许，经7～10天取出，坛中樱桃已自化为水，即将果核除去，留取清汁备用。\r\n</p>\r\n<p>\r\n\t&nbsp;&nbsp;&nbsp;&nbsp;每次饮1杯，略温服下。\r\n</p>\r\n<p>\r\n\t&nbsp;&nbsp;&nbsp;&nbsp;功效：治闷疹。\r\n</p>\r\n<p>\r\n\t<br />\r\n</p>\r\n<p>\r\n\t【适合人群】&nbsp;\r\n</p>\r\n<p>\r\n\t&nbsp;&nbsp;&nbsp;&nbsp;一般人群均可食用。&nbsp;\r\n</p>\r\n<p>\r\n\t&nbsp;&nbsp;&nbsp;&nbsp;1. 樱桃的含铁量特别高。\r\n</p>\r\n<p>\r\n\t&nbsp;&nbsp;&nbsp;&nbsp;2. 樱桃营养丰富，具有调中益气，健脾和胃，祛风湿。&nbsp;\r\n</p>\r\n<p>\r\n\t&nbsp;&nbsp;&nbsp;&nbsp;3. 对食欲不振、消化不良、风湿身痛等均有益处。&nbsp;\r\n</p>\r\n<p>\r\n\t&nbsp;&nbsp;&nbsp;&nbsp;4. 经常食用樱桃能养颜驻容，使皮肤红润嫩白，去皱消斑。&nbsp;\r\n</p>\r\n<p>\r\n\t&nbsp;&nbsp;&nbsp;&nbsp;5. 消化不良者、瘫痪、风湿腰腿痛者、体质虚弱、面色无华者适宜食用。&nbsp;\r\n</p>\r\n<p>\r\n\t&nbsp;&nbsp;&nbsp;&nbsp;6. 有溃疡症状者、上火者、慎食；糖尿病者忌食。&nbsp;\r\n</p>\r\n<p>\r\n\t&nbsp;&nbsp;&nbsp;&nbsp;7.野樱桃中的氰化酸存在于大量的种子与水果中。（所以此类水果不宜多吃）\r\n</p>\r\n<p>\r\n\t&nbsp;&nbsp;&nbsp;&nbsp;8、热性病及虚热咳嗽、便秘者忌食，肾功能不全、少尿者慎食。\r\n</p>\r\n<p>\r\n\t<br />\r\n</p>\r\n<p>\r\n\t更多内容请查看百度百科：<a href=\"http://baike.baidu.com/subview/3477/4987749.htm\" target=\"_blank\">http://baike.baidu.com/subview/3477/4987749.htm</a>\r\n</p>'),(12,18,'<p>\r\n\t中国甜橙品种很多。甜橙果实为球形，上下稍扁平，表面滑泽，未成熟前色青，成熟后变成黄色果肉酸甜适度，汁多，富有香气，是人们喜欢吃的水果之一。&nbsp;\r\n</p>\r\n<p>\r\n\t<br />\r\n</p>\r\n<p>\r\n\t【营养成分】\r\n</p>\r\n<p>\r\n\t甜<span style=\"line-height:1.5;\">橙的可食部分为74%，每100克甜橙肉含热量为197千焦耳，水分87．4克，蛋白质0．8克，脂肪0．2克，膳食纤维0．6克，碳水化合物10．5克，灰分0．5克，胡萝卜素160微克，维生素C49毫克，硫胺素0.05毫克，核黄素0．04毫克，尼克酸0．3毫克，抗坏血酸33毫克，维生素E0．56毫克，钾159毫克，钠1．2毫克，钙20毫克，镁14毫克，铁0．4毫克，锰0．05毫克，锌0．14毫克，铜0．03毫克，磷22毫克，硒0．7微克等，还含橙皮甙、柚皮芸香甙、柚皮甙、柠檬苦素、那可汀、柠檬酸、苹果酸。果皮含挥发油，有七十多种活性物质，主要为正癸醛、柠檬醛、柠檬烯和辛醇等。</span>\r\n</p>\r\n<p>\r\n\t<span style=\"line-height:1.5;\"><br />\r\n</span>\r\n</p>\r\n<p>\r\n\t<span style=\"line-height:1.5;\">橙子中含量丰富的维生素C、P，能增加机体抵抗力，增加毛细血管的弹性，降低血中胆固醇。高血脂症、高血压、动脉硬化者常食橙子有益。橙子所含纤维素和果胶物质，可促进肠道蠕动，有利于清肠通便，排除体内有害物质。橙皮性味甘苦而温，止咳化痰功效胜过陈皮，是治疗感冒咳嗽、食欲不振、胸腹胀痛的良药。</span>\r\n</p>\r\n<p>\r\n\t<span style=\"line-height:1.5;\"><br />\r\n</span>\r\n</p>\r\n<p>\r\n\t<span style=\"line-height:1.5;\">橙子几乎已经成为维生素C的代名词。\r\n橙子味甘、酸，性凉。具有防治便秘的功效、生津止渴、开胃下气帮助消化。正常人饭后食橙子或饮橙汁，有解油腻、消积食、止渴、醒酒的作用。橙子营养极为丰富而全面，老幼皆宜。\r\n咳嗽哮喘病人，最适合的水果是橙子等，因为这些水果能够化痰、润肺、止咳，而枣最好不要吃，因为它容易生痰、助热，吃了反而会咳嗽的更加厉害！\r\n事实上，它的维生素C含量丰富，能增强人体抵抗力，亦能将脂溶性有害物质排出体外，是名实相符的保安康抗氧化剂。</span>\r\n</p>\r\n<p>\r\n\t<span style=\"line-height:1.5;\"><br />\r\n</span>\r\n</p>\r\n<p>\r\n\t<span style=\"line-height:1.5;\">橙皮又叫黄果皮，除含果肉中的成分外，胡萝卜素含量较多，可作为健胃剂、芳香调味剂。橙皮还含一定时的橙皮油，对慢性支气管炎有效。&nbsp;</span>\r\n</p>\r\n<p>\r\n\t<span style=\"line-height:1.5;\"><br />\r\n</span>\r\n</p>\r\n<p>\r\n\t<span style=\"line-height:1.5;\">营养价值剖析：橙子颜色鲜艳，酸甜可口，外观漂亮可爱，是深受人们喜爱的水果，也是走亲访友、探望病人的好水果礼品之一。它种类繁多，最受青睐的有脐橙、冰糖橙、血橙和美国新奇士橙。橙子被称为“疗疾佳果”，含有丰富的维生素C、钙、磷、钾、β-胡萝卜素、柠檬酸、橙皮甙以及醛、醇、烯等物质。&nbsp;</span>\r\n</p>\r\n<p>\r\n\t<span style=\"line-height:1.5;\"><br />\r\n</span>\r\n</p>\r\n<p>\r\n\t<span style=\"line-height:1.5;\"><b>功效</b>：据美国一家研究机构研究显示，每天喝3杯橙汁可以增加体内高密度脂蛋白（HDL）的含量，从而降低患心脏病的可能性。橙汁内含有一种特定的化学成分即类黄酮和柠檬素，可以促进HDL增加，并运送“坏”的低密度脂蛋白（LDL）到体外。\r\n在13130位男女中进行的一项研究显示，女性摄取维生素C不足可能容易患胆囊疾病。虽然其中的机理尚不清楚，但经常食用橙子对预防胆囊疾病确实有效。</span>\r\n</p>\r\n<p>\r\n\t<span style=\"line-height:1.5;\"><br />\r\n</span>\r\n</p>\r\n<p>\r\n\t<span style=\"line-height:1.5;\">澳大利亚几位科学家在对橙的气味进行研究之后批量出，橙子发出的气味有利于缓解人们的心理压力，但仅有助于女性克服紧张情绪，对男性的作用却不大。\r\n服药期间吃一些橙子或饮橙汁，可使机体对药物的吸收量增加，从而使药效更明显。&nbsp;</span>\r\n</p>\r\n<p>\r\n\t<span style=\"line-height:1.5;\"><br />\r\n</span>\r\n</p>\r\n<p>\r\n\t<span style=\"line-height:1.5;\">【适用人群】&nbsp;</span>\r\n</p>\r\n<p>\r\n\t<span style=\"line-height:1.5;\">&nbsp;&nbsp;&nbsp;&nbsp;胸膈满闷、恶心欲吐者，饮酒过多、宿醉未醒者尤宜食用；&nbsp;</span>\r\n</p>\r\n<p>\r\n\t<span style=\"line-height:1.5;\">&nbsp;&nbsp;&nbsp;&nbsp;糖尿病患者忌食。&nbsp;</span>\r\n</p>\r\n<p>\r\n\t<span style=\"line-height:1.5;\">&nbsp;&nbsp;&nbsp;&nbsp;适用量：一天一个即可，最多不超过5个。&nbsp;</span>\r\n</p>\r\n<p>\r\n\t<span style=\"line-height:1.5;\">&nbsp;&nbsp;&nbsp;&nbsp;食物相克：橙子忌与槟榔同食。&nbsp;</span>\r\n</p>\r\n<p>\r\n\t<span style=\"line-height:1.5;\"><br />\r\n</span>\r\n</p>\r\n<p>\r\n\t<span style=\"line-height:1.5;\">【特别提示】&nbsp;</span>\r\n</p>\r\n<p>\r\n\t<span style=\"line-height:1.5;\">&nbsp;&nbsp;&nbsp;&nbsp;饭前或空腹时不宜食用，否则橙子所含的有机酸会刺激胃黏膜，对胃不利。\r\n吃橙子前后1小时内不要喝牛奶，因为牛奶中的蛋白质遇到果酸会凝固，影响消化吸收。\r\n橙子味美但不要吃得过多。吃完橙子应及时刷牙漱口，以免对口腔牙齿有害。&nbsp;</span>\r\n</p>\r\n<p>\r\n\t<span style=\"line-height:1.5;\">&nbsp;&nbsp;&nbsp;&nbsp;不要用橙皮泡水饮用，因为橙皮上一般都会有保鲜剂，很难用水洗净。&nbsp;</span>\r\n</p>\r\n<p>\r\n\t<span style=\"line-height:1.5;\">&nbsp;&nbsp;&nbsp;&nbsp;</span>\r\n</p>\r\n<p>\r\n\t<span style=\"line-height:1.5;\">&nbsp;&nbsp;&nbsp;&nbsp;健康红绿灯：过多食用橙子等柑橘类水果会引起中毒，出现手、足乃至全身皮肤变黄，严重者还会出现恶心、呕吐、烦躁、精神不振等症状，也就是老百姓常说的“橘子病”，医学上称为“胡萝卜素血症”。</span>\r\n</p>\r\n<p>\r\n\t<span style=\"line-height:1.5;\">&nbsp;&nbsp;&nbsp;&nbsp;一般不需治疗，只要停吃这类食物即可好转。\r\n营养分析\r\n橙子含有大量维生素C和胡萝卜素，可以抑制致癌物质的形成，还能软化和保护血管，促进血液循环，降低胆固醇和血脂；可使皮肤黑色素沉着减少，从而减少黑斑和雀斑，使皮肤白皙。多吃富含维生素C的水果蔬菜，有助于恢复皮肤弹性，防止过敏反应的发生。\r\n研究显示，每天喝3杯橙汁可以增加体内高密度脂蛋白（HDL）的含量，从而降低患心脏病的可能。\r\n经常食用橙子对预防胆囊疾病有效。</span> \r\n</p>\r\n<p>\r\n\t<span style=\"line-height:1.5;\"><br />\r\n</span>\r\n</p>\r\n<p>\r\n\t<span style=\"line-height:1.5;\">更多内容请查看百度百科：<a href=\"http://baike.baidu.com/subview/8362/4953091.htm\" target=\"_blank\">http://baike.baidu.com/subview/8362/4953091.htm</a></span>\r\n</p>'),(13,19,'<p>\r\n\t补心脾，益气血，健脾胃，养肌肉。思虑伤脾，头昏，失眠，心悸怔忡，虚赢，病后或产后体虚，及由于脾虚所致之下血失血症。[4]现代医学实践证明 ，它还有美容、延年益寿之功效。\r\n</p>\r\n<p>\r\n\t<br />\r\n【营养价值】<br />\r\n<br />\r\n营养学家研究发现，每100克龙眼果肉中含全糖12%~23%、葡萄糖26.91%、酒石酸1.26%、蛋白质1.41%、脂肪0.45%、维生素C163.7毫克、维生素K196.6毫克，还有维生素B1、B2、P等，经过处理制成果干，每百克含糖分74.6克，铁35毫克，钙2毫克，磷110毫克，钾1200毫克等多种矿物质，还有多种氨基酸、皂素、X-甘氨酸、鞣质、胆碱等，这是其强大滋补能力的来源。[5]<br />\r\n龙眼含丰富的葡萄糖、蔗糖和蛋白质等，含铁量也比较高，可在提高热能、补充营养的同时促进血红蛋白再生，从而达到补血的效果。研究发现，龙眼肉除了对全身有补益作用外，对脑细胞特别有效，能增强记忆，消除疲劳。<br />\r\n<br />\r\n<br />\r\n【经济价值】<br />\r\n经济用途以作果品为主，因其假种皮富含维生素和磷质，有益脾、健脑的作用，故亦入药；种子含淀粉，经适当处理后，可酿酒；木材坚实，甚重，暗红褐色，耐水湿，是造船、家具、细工等的优良材。<br />\r\n<br />\r\n【宜食】<br />\r\n1、龙眼适宜神经性或贫血性或思虑过度所引起的心跳心慌、头晕失眠者食用；<br />\r\n2、适宜大脑神经衰弱、健忘和记忆力低下者食用；<br />\r\n3、适宜年老气血不足、产后妇女体虚乏力、营养不良引起的贫血患者食用；<br />\r\n4、龙眼对子宫癌细胞的抑制率超过90%。妇女更年期是妇科肿瘤好发的阶段，适当吃些龙眼有利健康。<br />\r\n<br />\r\n【禁忌】<br />\r\n龙眼属湿热食物，多食易滞气，有上火发炎症状的时侯不宜食用。内有痰火或阴虚火旺，以及湿滞停饮者忌食；凡舌苔厚腻、气壅胀满、肠滑便泻、风寒感冒、消化不良之时忌食；龙眼干含天然糖份较高，因而糖尿病患者忌食；患有痤疮、外科痈疽疔疮、妇女盆腔炎、尿道炎、月经过多者也忌食；龙眼性热助火，故小儿与青少年亦应少食；龙眼宜鲜食，变味的颗粒不要吃。<br />\r\n1、内有痰火及湿滞停饮者忌服。<br />\r\n2、妇女怀孕后，大都阴血偏虚，阴虚则生内热。中医主张胎前宜凉，而龙眼性热，因此，为了避免流产，孕妇应慎食。<br />\r\n备注：龙眼肉有补心脾、益气血作用，是一种比较理想的中药，但鲜龙眼肉多食却易生湿热及引起口干，入药治病多用干龙眼，又名龙眼肉。\r\n</p>\r\n<p>\r\n\t<br />\r\n</p>\r\n<p>\r\n\t更多内容请查看百度百科：<a href=\"http://baike.baidu.com/subview/31000/8519171.htm\" target=\"_blank\">http://baike.baidu.com/subview/31000/8519171.htm</a> \r\n</p>'),(14,20,'荔枝所含丰富的糖份具有补充能量，神疲等症状；荔枝肉含丰富的维生素C和蛋白质；荔枝拥有丰富的维生素，可促进微细血管的血液循环，防止雀斑的发生，令皮肤更加光滑。<br />\r\n<p>\r\n\t<br />\r\n【食用价值】<br />\r\n荔枝所含丰富的糖份具有补充能量，神疲等症状；荔枝肉含丰富的维生素C和蛋白质；荔枝拥有丰富的维生素，可促进微细血管的血液循环，防止雀斑的发生，令皮肤更加光滑。<br />\r\n<br />\r\n【食物搭档】<br />\r\n1、荔枝+红枣<br />\r\n荔枝含有丰富维生素，可促进毛细血管的微循环；红枣有养血补血的作用。同食，可起到更好的补血及美容养颜功效。<br />\r\n2、荔枝+绿豆汤（绿茶、凉茶、淡盐水）<br />\r\n荔枝食多上火，而绿豆汤（绿茶、凉茶、淡盐水）是败火之物。同食，能减少上火的影响。<br />\r\n3、荔枝+水产（禽类）<br />\r\n荔枝入菜，一般与水产或禽类等“白肉”搭配：一是因为色泽的考虑；二是因为这些“白肉”在口味上也容易和荔枝相互烘托。其中最适合的就是海鲜，因为海鲜的寒性恰好可以中和荔枝的热性。<br />\r\n<br />\r\n【食用禁忌】<br />\r\n1、荔枝－黄瓜、南瓜、胡萝卜、动物肝脏<br />\r\n黄瓜、南瓜、胡萝卜中所含的维生素C分解酶，会破坏荔枝中的维生素C，动物肝脏中的铜、铁离子也能破坏荔枝中的维生素C。荔枝与这些食物同食，会使原有的营养价值降低，所以不宜同食。<br />\r\n<br />\r\n2、荔枝－李子<br />\r\n二者均性温，多食容易上火，同食，更易上火。<br />\r\n<br />\r\n【注意事项】<br />\r\n在吃荔枝前后适当喝点盐水、凉茶或绿豆汤，或者把新鲜荔枝去皮浸入淡盐水中，放入冰柜里冰后食用。这样不仅可以防止虚火，还具有醒脾消滞的功效。<br />\r\n另外，用荔枝壳煎水喝，能解荔枝热。成年人每天吃荔枝一般不要超过300克，儿童一次不要超过5枚。<br />\r\n<br />\r\n【宜食人群】<br />\r\n<br />\r\n荔枝适宜体质虚弱、病后津液不足、贫血者食用；适宜脾虚腹泻或老年人五更泻、胃寒疼痛者食用；也适宜口臭者食用。[8]<br />\r\n<br />\r\n【忌食人群】<br />\r\n荔枝性热，出血病患者、妇女妊娠以及小儿均应忌食。凡属阴虚火旺体质者忌食；糖尿病患者忌食。荔枝不可多食，多食发热；老年人多食荔枝可加重便秘。长青春痘、生疮、伤风感冒或有急性炎症时，也不适宜吃荔枝，否则会加重病症<br />\r\n</p>\r\n<p>\r\n\t更多内容请查看百度百科：<a href=\"http://baike.baidu.com/view/4447.htm\" target=\"_blank\">http://baike.baidu.com/view/4447.htm</a>\r\n</p>\r\n<p>\r\n\t<br />\r\n</p>'),(15,21,'<p>\r\n\t橄榄，又名青果，因果实尚呈青绿色时即可供鲜食而得名。橄榄果富含钙质和维生素C，于人有大益。它是一种常绿乔木，橄榄原产于东地中海盆地的沿海地区（临近的东南欧、西亚和北非沿海地区），以及里海南岸的伊朗北部地区。\r\n</p>\r\n<p>\r\n\t<br />\r\n<br />\r\n【食疗价值】<br />\r\n<br />\r\n橄榄科乔木植物橄榄的果实。又称橄榄子、青果、青橄榄、甘榄。我国广东、广西、福建、四川、云南、台湾等地均有分布，多为栽培。秋季果实饱满而未完全成熟时采收，洗净鲜用，或晾晒干燥用，或以盐水浸渍后晒干用。<br />\r\n[性能]味甘、酸，性平。能清肺利咽，生津，解毒。<br />\r\n[参考]含蛋白质、脂肪、糖类、多量维生素C、钙、磷、铁等成分。<br />\r\n[用途]用于咽喉肿痛；心烦口渴，或饮酒过度；食河豚、鱼、鳖引起的轻微<br />\r\n<br />\r\n<br />\r\n中毒或肠胃不适。此外，亦有用于癫痫的。<br />\r\n[用法]噙含，绞汁，煎汤，或熬膏服。<br />\r\n<br />\r\n吃法简介<br />\r\n<br />\r\n橄榄不可直接食用，必须浸软后再进行各种加工才可食用。在西式烹饪中，橄榄十分重要，可用来做沙拉，还可用于烹饪许多特色菜包括橄榄酱、比萨饼、牛肉扇贝、牛肉合子、鸭等。在西班牙菜系中，橄榄很受欢迎。另外，橄榄可提炼出芳香的精油。<br />\r\n煎炸<br />\r\n与草本植物油不同，橄榄油因为其抗氧性能和很高的不饱和脂肪酸含量，使其在高温时化学结构仍能保持稳定。使用普通食用油时，当油温超过了烟点，油及脂肪的化学结构就会发生变化，产生易致癌物质。而橄榄油的烟点在摄氏 240-270 度之间，这已经远高于其它常用食用 油的烟点值，因而橄榄油能反复使用不变质，是最适合煎炸的油类。<br />\r\n烧烤煎熬<br />\r\n橄榄油也同样适合用来烧、烤、煎、熬。使用橄榄油烹调时，食物会散发出诱人的香味，令人垂涎。特别推荐使用橄榄油做鸡蛋炒饭，或做烧烤。<br />\r\n酱料和调味品<br />\r\n用酱料的目的是调出食物的味道，而不是掩盖它。橄榄油是做冷酱料和热酱料最好的油脂成份，它可保护新鲜酱料的色泽。<br />\r\n腌制<br />\r\n在烹食前先用橄榄油腌过，可增添食物的细致感，还可烘托其他香料，丰富口感。<br />\r\n直接使用<br />\r\n特级初榨橄榄油直接使用时，会使菜肴的特点发挥到极至。你可以象用盐那样来用橄榄油，因为特级初榨橄榄油会使菜肴口感更丰富、滋味更美妙。你还可以将特级初榨橄榄油加进任何菜肴里用来平衡较高酸度的食物，如柠檬汁、酒醋、葡萄酒、番茄等。它还能使食物中的各种调料吃起来更和谐，如果在放了调味品的菜肴里加一些橄榄油，你会发现味道更好。特级初榨橄榄油还可以使食物更香、更滑、 味道更醇厚。<br />\r\n焙烘<br />\r\n橄榄油还适合于焙烘面包和甜点。橄榄油远比奶油的味道好，可广泛用于任何甜品及面包。<br />\r\n煮饭<br />\r\n煮饭时倒入一匙的橄榄油，可使米饭更香，且粒粒饱满。<br />\r\n橄榄茶<br />\r\n取橄榄两枚，绿茶1克。将橄榄连核切成两半，与绿茶同放入杯中，冲入开水，加盖闷5分钟后饮用。\r\n</p>\r\n<p>\r\n\t<br />\r\n</p>\r\n<p>\r\n\t更多内容请查看百度百科：<a href=\"http://baike.baidu.com/view/8147.htm\" target=\"_blank\">http://baike.baidu.com/view/8147.htm</a><br />\r\n</p>'),(16,22,'<br />\r\n榴莲营养价值极高，经常食用可以强身健体，健脾补气，补肾壮阳，暖和身体，属&nbsp;<br />\r\n<br />\r\n滋补有益的水果。榴莲性热，可以活血散寒，缓解经痛，特别适合受痛经困扰的女性食用。它还能改善腹部寒凉、促进体温上升，是寒性体质者的理想补品。<br />\r\n榴莲果中营养极丰富，含有大量的糖分，热量高。其中，蛋白质的含量为2.7%，脂肪含量为4.1%，碳水化合物为9.7%，水分82.5%，维生素含量丰富，维生素A、B和C都较高。除此之外，榴莲果中氨基酸的种类齐全，含量丰富，除色氨酸外，还含有7种人体必需的氨基酸，其中，谷氨酸含量特别高，能提高机体应激的适应能力。[3]<br />\r\n榴莲含有丰富的蛋白质，脂肪，碳水化合物和纤维素，另外还含有维生素A，维生素B，维生素C，维生素E，叶酸，烟酸，无机元素钙、铁、磷、钾、钠、镁、硒等，是一种营养密度高且均衡的热带水果。现代医学实验表明榴莲的汁液和果皮中含有的一种蛋白水解酶，可以促进药物对病灶的渗透，具有消炎和抗水肿、改善血液循环的作用。<br />\r\n<br />\r\n【食用方法】<br />\r\n<br />\r\n1、榴莲果肉<br />\r\n在食用榴莲的时候，只要用手在裂口处轻轻地掰开即可，非常简单方便。取一把比较锋利的菜刀，沿着榴莲外壳<br />\r\n榴莲<br />\r\n榴莲<br />\r\n的凹槽将其剖开，用勺子挖出果肉，并取出里面的子。一旦习惯了榴莲发出的难闻的气味，很多人都承认，榴莲肉实际上是很美味的。一般榴莲都是作为水果生食，只需要用勺子掏出来食用即可。榴莲用于烹饪的话可以跟糯米搭配食用，还可以跟馅饼一起食用。[3]<br />\r\n2、榴莲炖鸡<br />\r\n【原料】<br />\r\n榴莲（用量根据自己喜好），鸡1只（约重600克），姜片10克，核桃仁50克，红枣50克，清水1500毫升，盐、味精各少许。<br />\r\n【做法】<br />\r\n1.鸡洗干净去皮毛及内脏，放入滚水中，浸约5分钟，斩成大块；核桃仁用水浸泡，去除油味；红枣洗净去核；榴莲去嫩皮，留下大块的外皮。可以取果肉，可以取汁，把外皮切小，因为味道比较重，少放一点为好。<br />\r\n2.把鸡、姜片、核桃仁、红枣、榴莲皮与榴莲肉同放入锅内滚开水中，加姜片，用武火烧沸后，改用文火煲3小时，加盐、味精调味即成。<br />\r\n【用法】佐餐食用。<br />\r\n【功效】补血益气、滋润养阴，适合不同体质的人食用，更适合秋冬吃。[5]<br />\r\n3、榴莲壳煲排骨<br />\r\n原料：上排一斤，榴莲壳半个，盐少许。<br />\r\n排骨沸水氽一下 ，用刀将榴莲壳上的白瓤割下来，切成小块。将排骨和榴莲瓤一起放进高压锅里。大火，上气后十分钟就可以，出锅时加点盐即可。<br />\r\n汤汁为奶白色，有些淡淡的榴莲味道。<br />\r\n4、榴莲壳玉米大骨汤<br />\r\n原料：榴莲壳、猪骨、玉米、葱段、姜片<br />\r\n榴莲壳取白瓤，猪骨焯烫一下，放入冷水中冲洗干净杂质，沥干水分待用。把所有材料放入煲中，放入足够的水，大火煮沸，<br />\r\n转小火继续煮1小时左右，关火，放入盐调味即可。<br />\r\n5、榴莲壳煲鸡<br />\r\n原料：榴莲壳、老鸡半只、猪肉2-3两、蜜枣2个。<br />\r\n把榴莲白瓤取出来，切块。老鸡和猪肉洗净、飞水。水开以后，把全部材料放进去猛火煲20分钟，慢火煲1个小时左右就OK了。喝的时候放点盐就行了。<br />\r\n<br />\r\n【适宜人群】<br />\r\n榴莲适宜偏寒者食用。病后及女性产后宜用之来补养身体。每天不超过100克。<br />\r\n<br />\r\n<br />\r\n【食用禁忌】<br />\r\n<br />\r\n广东人称：“一个榴莲三只鸡”。《辞海》和《本草纲目》中都说，此话一点不夸张。果肉含有极高的糖分、蛋白质、淀粉、脂肪、维生素A、B、C、钙、钾等，可以提高人体免疫力，抑癌抗癌。中医认为，经常食用榴莲可以强身健体，健脾补气，补肾壮阳。榴莲性热可以活血散寒，缓解经痛，改善腹部寒凉，是寒性体质者的理想补品。但一次不可多吃，因其丰富的营养，您肠胃无法完全吸收时会上火。患有某些疾病的人食用甚至会引起猝死。泰国卫生部劝告公众一天不要食用超过两瓣榴莲。<br />\r\n如不慎吃榴莲过量，以致热痰内困，呼吸困难、面红、胃胀，应立即吃几个山竹化解，因为山竹属至寒之物，可克制榴莲之热。只有水果王后才能降服水果之王。也可用榴莲皮+盐水煎服。<br />\r\n<br />\r\n广东人称：“一个榴莲三只鸡”。《辞海》和《本草纲目》中都说，此话一点不夸张。果肉含有极高的糖分、蛋白质、淀粉、脂肪、维生素A、B、C、钙、钾等，可以提高人体免疫力，抑癌抗癌。中医认为，经常食用榴莲可以强身健体，健脾补气，补肾壮阳。榴莲性热可以活血散寒，缓解经痛，改善腹部寒凉，是寒性体质者的理想补品。但一次不可多吃，因其丰富的营养，您肠胃无法完全吸收时会上火。患有某些疾病的人食用甚至会引起猝死。泰国卫生部劝告公众一天不要食用超过两瓣榴莲。<br />\r\n如不慎吃榴莲过量，以致热痰内困，呼吸困难、面红、胃胀，应立即吃几个山竹化解，因为山竹属至寒之物，可克制榴莲之热。只有水果王后才能降服水果之王。也可用榴莲皮+盐水煎服。<br />\r\n1、咽干、舌燥、喉痛等热病体质和阴虚体质者慎食；<br />\r\n2、糖尿病、心脏病和高胆固醇血症患者不应食用。<br />\r\n3、榴莲不可与酒一起食用：因为酒与榴莲皆属热燥之物，如糖尿病患者两者同吃，会导致血管阻塞，严重的会有爆血管、中风情况出现，不宜食用。<br />\r\n4、热气体质、喉痛咳嗽、患感冒、阴虚体质、气管敏感者吃榴莲会令病情恶化，对身体无益，不宜食用。<br />\r\n5、中医认为：榴莲性质温热，若吃得太多，会令燥火上升，及出现湿毒的症状。想缓解不适，就要饮海带绿豆汤或夏枯草汤。<br />\r\n6、榴莲含有的热量及糖分较高，因此肥胖人士宜少食。<br />\r\n7、榴莲含有较高钾质，故肾病及心脏病人，宜少食。<br />\r\n8、榴莲一次不宜多吃，若闻到已熟的榴莲带有酒精味，则表示已变质不能吃。<br />\r\n9、老年人应特别注意，榴莲果汁黏稠，易阻塞咽喉、气管而引起窒息，故老人须少吃、慢吃。[6]<br />\r\n此外，在吃完榴莲后多喝些水，或多吃些含水分比较多的水果，也能解除燥热，其中梨、西瓜就是很好的选择。另外也可以用榴莲壳的果窝上放点盐再加上水一起喝，能够解除燥热。<br />\r\n值得注意的是，榴莲和山竹同时吃能避免上火，但却有可能引起便秘。因为这两种水果都富含纤维素，在肠胃中会吸水膨胀，过多食用反而会阻塞肠道，引起便秘。<br />\r\n<br />\r\n<br />\r\n<p>\r\n\t更多内容请查看：<a href=\"http://baike.baidu.com/view/8160.htm\" target=\"_blank\">http://baike.baidu.com/view/8160.htm</a> \r\n</p>'),(17,23,'<br />\r\n【食用价值】<br />\r\n<br />\r\n菠萝作为鲜食，肉色金黄，香味浓郁，甜酸适口，清脆多汁。菠萝果实除鲜食外，多用以制罐头，因其能保持原来风味而受到广泛喜爱。加工制品菠萝罐头被誉为“国际性果品罐头”，还可制成多种加工制品，广受消费者的欢迎。<br />\r\n菠萝和一些水果一样，吃了会让一部分人过敏，过敏反应最快可以在15分钟内发生，这样的症状被称为“菠萝病”或者“菠萝中毒”。比如腹痛，腹泻、呕吐、头痛、头昏、皮肤潮红、全身发痒、四肢及口舌发麻，过敏比较严重的还出现呼吸困难、休克等反应。<br />\r\n把菠萝泡在盐水里再吃，还能使其中所含的一部分有机酸分解在盐水里，去掉酸味，让菠萝吃起来更甜。也可以放在开水里煮一下再吃。菠萝蛋白酶在45℃~50℃就开始变性，到100℃时90%以上都被破坏；甙类也同时可被破坏消除；5-羟色胺则溶于水中。经煮沸后口味也得到改善。每次吃菠萝不可过多，过量食用对肠胃有害。初次吃的宝宝只吃饼干大小的一块，如果无异常，下次可适当加量。<br />\r\n<br />\r\n【食用禁忌】<br />\r\n1、由于菠萝中含有刺激作用的甙类物质和菠萝蛋白酶，它会分解体内的蛋白质，而且它对人们口腔粘膜和嘴唇的幼嫩表皮有刺激作用，如果吃菠萝前不用盐水泡，会让人有一种麻痹刺痛的感觉。因此应将果皮和果刺修净，将果肉切成块状，在稀盐水或糖水中浸渍，浸出甙类，然后再吃，用盐水泡菠萝后，能够有效破坏“菠萝朊酶”的内部导致过敏的结构，从而失去使人过敏的能力，并丧失对于有的体质的毒性。<br />\r\n2、在食肉类或油腻食物后，吃些菠萝对身体大有好处，“菠萝咕老肉”、“菠萝牛肉”都是可以放心吃的菜肴。<br />\r\n3、菠萝和鸡蛋不能一起吃，鸡蛋中的蛋白质与菠萝中的果酸结合,易使蛋白质凝固，影响消化。<br />\r\n<p>\r\n\t4、菠萝加蜂蜜可以同时食用，而且菠萝加蜂蜜煎水服可治支气管炎。但是对于身体不适或腹泻症状的人建议不要这样食用。\r\n</p>\r\n<p>\r\n\t<br />\r\n</p>\r\n<p>\r\n\t更多内容请查看百度百科：<a href=\"http://baike.baidu.com/view/8112.htm\" target=\"_blank\">http://baike.baidu.com/view/8112.htm</a>\r\n</p>'),(18,24,'<p>\r\n\t外观为红色或黄色，有绿色圆角三角形的叶状体，白色、红色或黄色果肉，具有黑色种子的水果。火龙果营养丰富、功能独特，它含有一般植物少有的植物性白蛋白以及花青素，丰富的维生素和水溶性膳食纤维。火龙果属于凉性水果，在自然状态下，果实于夏秋成熟，味甜，多汁。\r\n</p>\r\n<p>\r\n\t<br />\r\n</p>\r\n<p>\r\n\t<br />\r\n<br />\r\n<br />\r\n【食用价值】<br />\r\n<br />\r\n火龙果少有病虫害，几乎可以不使用任何农药和激素同样可以满足其正常营养生长和生殖生长。因此，火龙果是一种消费概念上的绿色、环保果品和具有一定疗效的保健营养食品。火龙果是热带水果，最好现买现吃。在5℃～9℃的低温中，新鲜摘下的火龙果不经挤压碰撞，保存期可超过一个月。在25℃～30℃的室温状态下，保质期可超过2个星期。[7]<br />\r\n火龙果不仅味道香甜，还具有很高的营养价值，它集于水果、花蕾、蔬菜、医药优点于一身。不但营养丰富、功能独特，很少有病虫害，几乎不使用任何农药都可以平般生长。因此，火龙果是一种绿色、环保果品和具有必定疗效的保健养分食品。每一百克火龙果果肉中，含水分83.75克、灰分0.34克、粗脂肪0.17克、粗蛋白0.62克、粗纤维1.21克、碳水化合物13.91克、热量59.65千卡、膳食纤维1.62克、维生素C5.22毫克、果糖2.83克、葡萄糖7.83克、钙6.3-8.8毫克、磷30.2～36.1毫克、铁0.55～0.65毫克和大量花青素（红肉果品种最丰）、水溶性膳食蛋白、植物白蛋白等。火龙果性甘平，主要营养成分有蛋白质、膳食纤维、维生素B2.维生素B3、维生素C、铁、磷、钙、镁、钾等。富含大量果肉纤维，有丰富的胡萝卜素，维他命B1、B2、B3、B12、C等，果核内 (黑色芝麻之种子) 更含有丰富的钙、磷、铁等矿物质及各种酶、白蛋白、纤维质及高浓度天然色素花青素(尤以红肉为最)，花、茎及嫩芽更有如其近亲 (芦荟) 之各种功效。值得注意的是火龙果的果肉几乎不含果糖和蔗糖，糖分以葡萄糖为主，这种天然葡萄糖，容易吸收，适合运动后食用。在吃火龙果时，可以用小刀刮下内层的紫色果皮——他们可以生吃，也可以凉拌或者像霸王花一样放入汤里。火龙果的缺点只有一个——它并不难吃甚至可以称之为美味，但是它毫无风味可言，既不含有机酸，也不含酯类芳香因子。<br />\r\n<br />\r\n【食用禁忌】<br />\r\n火龙果属凉性，且果肉的葡萄糖不甜，但其糖分却比一般水果的要高一些。<br />\r\n丰收的火龙果<br />\r\n丰收的火龙果(2张)<br />\r\n食用忌：火龙果不宜于牛奶同食。糖尿病人，女性体质虚冷者，有脸色苍白、四肢乏力、经常腹泻等症状的寒性体质者不宜多食；而女性在月经期间也不宜食用火龙果。<br />\r\n选购忌：表面红色的地方越红越好，绿色的部分也要越绿的越新鲜，若是绿色部分变得枯黄，就表示已经不新鲜了。<br />\r\n挑选：购买火龙果时应用手感觉，选择越重的越好。因为火龙果密度越大，代表汁多、果肉丰满。<br />\r\n火龙果可以分为三类：白火龙果紫红皮白肉，有细小黑色种子分布其中，鲜食品质一般；红火龙果红皮红肉，鲜食品质较好；黄火龙果黄皮白肉，鲜食品质最佳。基本上红肉的比较圆，白肉较椭圆，红肉较白肉好吃！但香港等大城市有黄肉火龙果少量销售，比红肉更好吃，价格较贵。偶尔还能看到黄皮白肉的燕窝火龙果，由于价格不菲。\r\n</p>\r\n<p>\r\n\t更内容请查看百度百科：<a href=\"http://baike.baidu.com/view/9288.htm\" target=\"_blank\">http://baike.baidu.com/view/9288.htm</a> \r\n</p>'),(19,25,'<br />\r\n香蕉果实除作鲜果食用外，还可用于加工，蕉含有天然抗生素，可抑制细菌繁殖，可增加大肠里的乳酸杆菌，促进肠道蠕动，有助于通便排毒。果蔬汁中的维生素C、维生素B可加速干细胞的再生过程，从而促进人体排出有毒代谢物质。如熟香蕉可制成香蕉粉，用于制糕饼及面包；果实经发酵后可酿造香蕉酒或提取酒精；成熟果实可加工制罐头、果脯、香蕉干、果汁、香精等。香蕉的假茎、吸芽、花蕾都含有大量的营养物质，是很好的青饲料，可用于喂猪。假茎与叶富含纤维素，可制作绳、编织物和造纸；假茎的汁液可提制出一种食品防腐剂和染料的固定剂，假茎的灰分含碱量很高，可用于制碱水。假茎、叶的钾含量较高，切碎后回田有增加土壤有机质和疏松土壤的作用，同时还增加了土壤的钾。<br />\r\n<br />\r\n【营养价值】<br />\r\n香蕉属高热量水果，据分析每100克果肉的发热量达91大卡。在一些热带地区香蕉还作为主要粮食。香蕉果肉营<br />\r\n<br />\r\n养价值颇高，每100克果肉含碳水化合物20克、蛋白质1．2克、脂肪0．6克；此外，还含多种微量元素和维生素。其中维生素A能促进生长，增强对疾病的抵抗力，是维持正常的生殖力和视力所必需；硫胺素能抗脚气病，促进食欲、助消化，保护神经系统；核黄素能促进人体正常生长和发育。　香蕉除了能平稳血清素和褪黑素外，它还含有可具有让肌肉松弛效果的镁元素，经常工作压力比较大的朋友可以多食用。[3]<br />\r\n香蕉果肉香甜软滑，是人们喜爱的水果之一。欧洲人因为它能解除忧郁而称它为“快乐水果”，而且香蕉还是女士们钟爱的减肥佳果。香蕉又被称为“智慧之果”，传说是因为佛祖释迦牟尼吃了香蕉而获得智慧。香蕉含有称为“智慧之盐”的磷，又有丰富的蛋白质、糖、钾、维生素A和C，同时纤维也多，堪称相当好的营养食品。香蕉果肉每100克含糖15%以上，酸0.2--0.3%，蛋白质1.5%，还有丰富的磷53毫克、钙19毫克、钾400毫克、维生素C24毫克。香蕉还含有果胶、多种酶类物质以及微量元素等。<br />\r\n香蕉富含钾和镁，钾能防止血压上升、及肌肉痉挛，镁则具有消除疲劳的效果。因此，香蕉是高血压患者的首选水果。糖尿病患者进食香蕉可使尿糖相对降低，故对缓解病情也大有益处。香蕉含有的泛酸等成分是人体的“开心激素”，能减轻心理压力，解除忧郁。睡前吃香蕉，还有镇静的作用。荷兰科学家研究认为：最合营养标准又能为人脸上增添笑容的水果是香蕉。[美食中国]<br />\r\n香蕉含有的维生素A能增强对疾病的抵抗力，维持正常的生殖力和视力所需要;硫胺素能抗脚气病，促进食欲、助消化，保护神经系统;核黄素能促进人体正常生长和发育。香蕉还有促进肠胃蠕动，润肠通便，润肺止咳、清热解毒，助消化和滋补的作用。香蕉容易消化、吸收，从小孩到老年人都能安心地食用，并补给均衡的营养。香蕉是低卡路里食品，即使是正在减肥的人，也能尽情地食用。[4]<br />\r\n<br />\r\n【膳食营养】<br />\r\n从营养角度看，香蕉是淀粉质丰富的有益水果。食品而从中医学角度去分析：香蕉味甘性寒，可清热润肠，促进肠胃蠕动，但脾虚泄泻者却不宜。凡事总有合理解释，香蕉性寒，根据“热者寒之”的原理，最适合燥热<br />\r\n香蕉<br />\r\n香蕉<br />\r\n人士享用。痔疮出血者、因燥热而致胎动不安者，都可生吃蕉肉。<br />\r\n不过，正因为香蕉性寒，体质偏于虚寒者，最好避之则吉。例如胃寒（口淡胃胀）、虚寒（泄泻、易晕）、肾炎（也属虚寒）、怀孕期脚肿者，最好不要生吃香蕉。除非蕉肉经过蒸煮，寒性减退后才可进食。至于寒咳本不应吃香蕉，但将香蕉蒸熟再吃，则可接受。<br />\r\n民间验方更有用香蕉炖冰糖，医治久咳；用香蕉煮酒，作为食疗。近代医学建议，用香蕉可治高血压，因它含钾量丰富，可平衡钠的不良作用，并促进细胞及组织生长。用香蕉可治疗便秘，因它能促进肠胃蠕动。<br />\r\n<p>\r\n\t最有趣的，莫过于德国研究人员表示，用香蕉可治抑郁和情绪不安，因它能促进大脑分泌内啡化学物质。服务员适合香蕉：它能缓和紧张的情绪，提高工作效率，降低疲劳。\r\n</p>\r\n<p>\r\n\t<br />\r\n</p>\r\n<p>\r\n\t更多内容请查看百度百科：<a href=\"http://baike.baidu.com/view/3907.htm\" target=\"_blank\">http://baike.baidu.com/view/3907.htm</a>\r\n</p>');

#
# Source for table "ucenter_user"
#

DROP TABLE IF EXISTS `ucenter_user`;
CREATE TABLE `ucenter_user` (
  `id` int(11) NOT NULL AUTO_INCREMENT COMMENT '主键',
  `name` varchar(16) NOT NULL COMMENT '用户名',
  `email` varchar(64) NOT NULL COMMENT '电子邮件',
  `allow_access` tinyint(1) NOT NULL DEFAULT '1' COMMENT '允许访问？',
  `password` varchar(128) NOT NULL DEFAULT '' COMMENT '密码',
  `security_salt` varchar(32) NOT NULL DEFAULT '' COMMENT '安全码',
  `created` int(11) NOT NULL COMMENT '创建时间',
  `login_count` smallint(6) NOT NULL DEFAULT '0' COMMENT '登录次数',
  `login_lasted_date` int(11) NOT NULL DEFAULT '0' COMMENT '最后登录时间',
  `login_lasted_address` varchar(16) NOT NULL DEFAULT '' COMMENT '最后登录地址',
  PRIMARY KEY (`id`)
) ENGINE=InnoDB AUTO_INCREMENT=6 DEFAULT CHARSET=utf8;

#
# Data for table "ucenter_user"
#

INSERT INTO `ucenter_user` VALUES (1,'example','skihat-team@outlook.com',1,'123321','',1402417412,5,1404834161,'127.0.0.1'),(2,'陈娟','zhenggp@qq.com',1,'killer','',1405146141,0,0,''),(3,'李波','libo@qq.com',1,'killer','',1405146444,0,0,''),(4,'郑明瑞','zhengmr@qq.com',1,'killer','',1405146543,1,1405146698,'127.0.0.1'),(5,'陈小宝','chengxiaobao@qq.com',1,'killer','',1405146592,1,1405146718,'127.0.0.1');

#
# Source for table "order"
#

DROP TABLE IF EXISTS `order`;
CREATE TABLE `order` (
  `id` int(11) NOT NULL AUTO_INCREMENT COMMENT '主键',
  `user` int(11) NOT NULL COMMENT '会员编号',
  `status` tinyint(1) NOT NULL DEFAULT '1' COMMENT '订单状态：1.未处理、2：已配送、3：已完成、4：已取消',
  `telephone` varchar(16) NOT NULL DEFAULT '' COMMENT '联系电话',
  `shopping_date` int(11) NOT NULL DEFAULT '0' COMMENT '配送时间',
  `consignee` varchar(8) NOT NULL DEFAULT '' COMMENT '收货人',
  `consignee_address` varchar(32) NOT NULL DEFAULT '' COMMENT '收货地址',
  `consignee_date` int(11) NOT NULL DEFAULT '0' COMMENT '收货时间',
  `created` int(11) NOT NULL COMMENT '创建时间',
  `modified` int(11) NOT NULL COMMENT '最后处理时间',
  `total` decimal(10,2) NOT NULL COMMENT '总价',
  `paypal` decimal(10,2) NOT NULL COMMENT '支付金额',
  `description` varchar(256) NOT NULL DEFAULT '' COMMENT '说明',
  PRIMARY KEY (`id`),
  KEY `user` (`user`),
  CONSTRAINT `order_ibfk_1` FOREIGN KEY (`user`) REFERENCES `ucenter_user` (`id`)
) ENGINE=InnoDB AUTO_INCREMENT=11 DEFAULT CHARSET=utf8;

#
# Data for table "order"
#

INSERT INTO `order` VALUES (2,1,1,'1345643`',0,'郑国平','重庆',0,1402981365,1402981365,280.00,280.00,'任意时间'),(3,1,1,'1345643`',0,'郑国平','重庆',0,1402982859,1402982859,280.00,280.00,'任意时间'),(4,1,1,'1345643`',0,'郑国平','重庆',0,1402982953,1402982953,280.00,280.00,'任意时间'),(5,1,1,'1345643`',0,'郑国平','重庆',0,1402982960,1402982960,280.00,280.00,'任意时间'),(6,1,3,'1345643',0,'郑国平','重庆',0,1402982990,1402982990,50.00,50.00,'任意时间'),(7,1,1,'1344918191828',0,'郑国平','重庆九龙坡区大学城',0,1404463091,1404463091,148.00,148.00,'早上'),(8,1,1,'1344918191828',0,'郑国平','重庆九龙坡区大学城',0,1404463131,1404463131,36.00,36.00,'任意时间'),(9,1,1,'1344918191828',0,'郑国平','重庆九龙坡区大学城',0,1404463180,1404463180,30.00,30.00,'任意时间'),(10,5,1,'1344918191828',0,'郑国平','重庆九龙坡区大学城',0,1405434630,1405434630,80.00,80.00,'任意时间');

#
# Source for table "order_item"
#

DROP TABLE IF EXISTS `order_item`;
CREATE TABLE `order_item` (
  `id` int(11) NOT NULL AUTO_INCREMENT COMMENT '主键',
  `order` int(11) NOT NULL COMMENT '订单编号',
  `goods` int(11) NOT NULL COMMENT '商品编号',
  `price` decimal(10,2) NOT NULL COMMENT '单价',
  `amount` int(11) NOT NULL COMMENT '数量',
  `unit` varchar(8) NOT NULL DEFAULT '' COMMENT '单位',
  PRIMARY KEY (`id`),
  KEY `order` (`order`),
  CONSTRAINT `order_item_ibfk_1` FOREIGN KEY (`order`) REFERENCES `order` (`id`)
) ENGINE=InnoDB AUTO_INCREMENT=12 DEFAULT CHARSET=utf8;

#
# Data for table "order_item"
#

